hi	model
2.3527	GaussianMixture
2.7686	GaussianMixture
2.7686	GaussianMixture
3.3381	GaussianMixture
4.3144	GaussianMixture
4.6532	GaussianMixture
4.6532	GaussianMixture
5.1589	GaussianMixture
6.1062	GaussianMixture
6.2369	GaussianMixture
6.2369	GaussianMixture
6.3969	GaussianMixture
6.7211	GaussianMixture
6.7211	GaussianMixture
6.9833	GaussianMixture
6.9833	GaussianMixture
7.0354	GaussianMixture
7.0354	GaussianMixture
7.0642	GaussianMixture
7.0642	GaussianMixture
8.3212	GaussianMixture
8.6111	GaussianMixture
8.8018	GaussianMixture
9.0678	GaussianMixture
9.1912	GaussianMixture
9.1912	GaussianMixture
9.2685	GaussianMixture
9.381	GaussianMixture
9.4004	GaussianMixture
9.5379	GaussianMixture
9.5959	GaussianMixture
10.5647	GaussianMixture
10.6822	GaussianMixture
11.8257	GaussianMixture
12.0879	GaussianMixture
12.1642	GaussianMixture
12.5928	GaussianMixture
12.7969	GaussianMixture
12.8241	GaussianMixture
12.8386	GaussianMixture
12.8477	GaussianMixture
12.934	GaussianMixture
12.934	GaussianMixture
12.9949	GaussianMixture
13.5496	GaussianMixture
13.5496	GaussianMixture
13.6036	GaussianMixture
13.9467	GaussianMixture
14.0719	GaussianMixture
14.6271	GaussianMixture
14.8228	GaussianMixture
14.8864	GaussianMixture
14.8947	GaussianMixture
14.9842	GaussianMixture
14.9842	GaussianMixture
15.0662	GaussianMixture
15.0691	GaussianMixture
15.241	GaussianMixture
15.2579	GaussianMixture
15.2591	GaussianMixture
15.2939	GaussianMixture
15.2962	GaussianMixture
15.3188	GaussianMixture
15.3828	GaussianMixture
15.4953	GaussianMixture
15.5579	GaussianMixture
15.5579	GaussianMixture
15.5738	GaussianMixture
15.5936	GaussianMixture
15.6189	GaussianMixture
15.6421	GaussianMixture
15.9719	GaussianMixture
15.9781	GaussianMixture
15.9963	GaussianMixture
16.0046	GaussianMixture
16.0571	GaussianMixture
16.0571	GaussianMixture
16.0776	GaussianMixture
16.2213	GaussianMixture
16.2213	GaussianMixture
16.2364	GaussianMixture
16.2475	GaussianMixture
16.2696	GaussianMixture
16.2895	GaussianMixture
16.3578	GaussianMixture
16.3895	GaussianMixture
16.4049	GaussianMixture
16.4814	GaussianMixture
16.5025	GaussianMixture
16.5068	GaussianMixture
16.5068	GaussianMixture
16.6252	GaussianMixture
16.6887	GaussianMixture
16.7182	GaussianMixture
16.7731	GaussianMixture
16.7731	GaussianMixture
16.7903	GaussianMixture
16.8069	GaussianMixture
16.808	GaussianMixture
16.8222	GaussianMixture
16.8852	GaussianMixture
16.9001	GaussianMixture
16.9187	GaussianMixture
16.9497	GaussianMixture
17.0292	GaussianMixture
17.0332	GaussianMixture
17.2098	GaussianMixture
17.2098	GaussianMixture
17.2182	GaussianMixture
17.2182	GaussianMixture
17.2182	GaussianMixture
17.324	GaussianMixture
17.3717	GaussianMixture
17.3884	GaussianMixture
17.411	GaussianMixture
17.5033	GaussianMixture
17.5251	GaussianMixture
17.577	GaussianMixture
17.5892	GaussianMixture
17.5905	GaussianMixture
17.5909	GaussianMixture
17.6053	GaussianMixture
17.6089	GaussianMixture
17.6336	GaussianMixture
17.774	GaussianMixture
17.7847	GaussianMixture
17.7847	GaussianMixture
17.8838	GaussianMixture
17.9389	GaussianMixture
17.9727	GaussianMixture
18.0819	GaussianMixture
18.1182	GaussianMixture
18.1264	GaussianMixture
18.3513	GaussianMixture
18.4242	GaussianMixture
18.4451	GaussianMixture
18.4739	GaussianMixture
18.5249	GaussianMixture
18.5436	GaussianMixture
18.6337	GaussianMixture
18.6696	GaussianMixture
18.7931	GaussianMixture
18.8085	GaussianMixture
18.8966	GaussianMixture
18.924	GaussianMixture
19.1122	GaussianMixture
19.1286	GaussianMixture
19.1614	GaussianMixture
19.1614	GaussianMixture
19.2466	GaussianMixture
19.3933	GaussianMixture
19.4985	GaussianMixture
19.4985	GaussianMixture
19.5513	GaussianMixture
19.5513	GaussianMixture
19.5927	GaussianMixture
19.5927	GaussianMixture
19.5974	GaussianMixture
19.6136	GaussianMixture
19.6136	GaussianMixture
19.6335	GaussianMixture
19.6336	GaussianMixture
19.6908	GaussianMixture
19.7372	GaussianMixture
19.7437	GaussianMixture
19.8351	GaussianMixture
19.8351	GaussianMixture
19.9268	GaussianMixture
19.9414	GaussianMixture
19.9566	GaussianMixture
20.0055	GaussianMixture
20.0055	GaussianMixture
20.0805	GaussianMixture
20.0837	GaussianMixture
20.1088	GaussianMixture
20.1205	GaussianMixture
20.1205	GaussianMixture
20.1525	GaussianMixture
20.1611	GaussianMixture
20.1831	GaussianMixture
20.286	GaussianMixture
20.3613	GaussianMixture
20.403	GaussianMixture
20.4458	GaussianMixture
20.4458	GaussianMixture
20.4822	GaussianMixture
20.616	GaussianMixture
20.6475	GaussianMixture
20.7027	GaussianMixture
20.7239	GaussianMixture
20.8372	GaussianMixture
20.8372	GaussianMixture
20.8908	GaussianMixture
20.9957	GaussianMixture
21.1786	GaussianMixture
21.1786	GaussianMixture
21.25	GaussianMixture
21.3233	GaussianMixture
21.3479	GaussianMixture
21.3718	GaussianMixture
21.4838	GaussianMixture
21.5088	GaussianMixture
21.5307	GaussianMixture
21.5307	GaussianMixture
21.6253	GaussianMixture
21.644	GaussianMixture
21.6798	GaussianMixture
21.6869	GaussianMixture
21.7634	GaussianMixture
21.7644	GaussianMixture
21.7879	GaussianMixture
21.817	GaussianMixture
21.8897	GaussianMixture
21.9417	GaussianMixture
21.9516	GaussianMixture
21.9769	GaussianMixture
21.9845	GaussianMixture
21.9845	GaussianMixture
22.0147	GaussianMixture
22.0353	GaussianMixture
22.0365	GaussianMixture
22.0949	GaussianMixture
22.1113	GaussianMixture
22.1314	GaussianMixture
22.1453	GaussianMixture
22.1521	GaussianMixture
22.2866	GaussianMixture
22.2881	GaussianMixture
22.3087	GaussianMixture
22.3087	GaussianMixture
22.3117	GaussianMixture
22.3179	GaussianMixture
22.3447	GaussianMixture
22.345	GaussianMixture
22.3626	GaussianMixture
22.3651	GaussianMixture
22.4443	GaussianMixture
22.4711	GaussianMixture
22.4711	GaussianMixture
22.5313	GaussianMixture
22.5681	GaussianMixture
22.5705	GaussianMixture
22.5844	GaussianMixture
22.6428	GaussianMixture
22.6428	GaussianMixture
22.7566	GaussianMixture
22.8411	GaussianMixture
22.8742	GaussianMixture
22.8832	GaussianMixture
22.8832	GaussianMixture
22.9082	GaussianMixture
22.9153	GaussianMixture
22.9688	GaussianMixture
22.9769	GaussianMixture
23.0316	GaussianMixture
23.0316	GaussianMixture
23.0738	GaussianMixture
23.0738	GaussianMixture
23.0791	GaussianMixture
23.0854	GaussianMixture
23.0965	GaussianMixture
23.1299	GaussianMixture
23.1299	GaussianMixture
23.1342	GaussianMixture
23.1473	GaussianMixture
23.1944	GaussianMixture
23.3288	GaussianMixture
23.4741	GaussianMixture
23.4741	GaussianMixture
23.5814	GaussianMixture
23.5836	GaussianMixture
23.6514	GaussianMixture
23.6514	GaussianMixture
23.849	GaussianMixture
23.8774	GaussianMixture
23.8921	GaussianMixture
23.8921	GaussianMixture
23.8986	GaussianMixture
23.926	GaussianMixture
23.94	GaussianMixture
23.9405	GaussianMixture
23.9494	GaussianMixture
23.9944	GaussianMixture
24.0604	GaussianMixture
24.3019	GaussianMixture
24.4568	GaussianMixture
24.4687	GaussianMixture
24.5186	GaussianMixture
24.5522	GaussianMixture
24.6108	GaussianMixture
24.6722	GaussianMixture
24.6894	GaussianMixture
24.6894	GaussianMixture
24.7709	GaussianMixture
24.8385	GaussianMixture
24.8744	GaussianMixture
25.0772	GaussianMixture
25.1299	GaussianMixture
25.1299	GaussianMixture
25.1837	GaussianMixture
25.256	GaussianMixture
25.2696	GaussianMixture
25.2927	GaussianMixture
25.3008	GaussianMixture
25.3011	GaussianMixture
25.3311	GaussianMixture
25.4199	GaussianMixture
25.5652	GaussianMixture
25.5665	GaussianMixture
25.5789	GaussianMixture
25.5945	GaussianMixture
25.6272	GaussianMixture
25.6418	GaussianMixture
25.6477	GaussianMixture
25.6555	GaussianMixture
25.6574	GaussianMixture
25.7128	GaussianMixture
25.7485	GaussianMixture
25.869	GaussianMixture
25.8702	GaussianMixture
25.8745	GaussianMixture
25.9064	GaussianMixture
25.9445	GaussianMixture
26.0106	GaussianMixture
26.0493	GaussianMixture
26.0858	GaussianMixture
26.1109	GaussianMixture
26.1464	GaussianMixture
26.2629	GaussianMixture
26.4568	GaussianMixture
26.4949	GaussianMixture
26.5127	GaussianMixture
26.6089	GaussianMixture
26.6152	GaussianMixture
26.6394	GaussianMixture
26.6493	GaussianMixture
26.8331	GaussianMixture
26.8533	GaussianMixture
27.0027	GaussianMixture
27.0951	GaussianMixture
27.126	GaussianMixture
27.126	GaussianMixture
27.126	GaussianMixture
27.2591	GaussianMixture
27.31	GaussianMixture
27.3838	GaussianMixture
27.4793	GaussianMixture
27.5625	GaussianMixture
27.5935	GaussianMixture
27.8519	GaussianMixture
27.8519	GaussianMixture
27.8561	GaussianMixture
27.9407	GaussianMixture
27.9407	GaussianMixture
28.1851	GaussianMixture
28.5252	GaussianMixture
28.8898	GaussianMixture
29.1605	GaussianMixture
29.3633	GaussianMixture
29.444	GaussianMixture
29.7281	GaussianMixture
29.8006	GaussianMixture
29.8202	GaussianMixture
30.3606	GaussianMixture
30.3903	GaussianMixture
32.5136	GaussianMixture
33.5119	GaussianMixture
33.7784	GaussianMixture
2.3527	BayesianGaussianMixture
2.7686	BayesianGaussianMixture
2.7686	BayesianGaussianMixture
3.3381	BayesianGaussianMixture
4.3144	BayesianGaussianMixture
4.6532	BayesianGaussianMixture
4.6532	BayesianGaussianMixture
5.1589	BayesianGaussianMixture
6.1062	BayesianGaussianMixture
6.2369	BayesianGaussianMixture
6.2369	BayesianGaussianMixture
6.3969	BayesianGaussianMixture
6.7211	BayesianGaussianMixture
6.7211	BayesianGaussianMixture
6.9833	BayesianGaussianMixture
6.9833	BayesianGaussianMixture
7.0354	BayesianGaussianMixture
7.0354	BayesianGaussianMixture
7.0642	BayesianGaussianMixture
7.0642	BayesianGaussianMixture
8.3212	BayesianGaussianMixture
8.6111	BayesianGaussianMixture
8.8018	BayesianGaussianMixture
9.0678	BayesianGaussianMixture
9.1912	BayesianGaussianMixture
9.1912	BayesianGaussianMixture
9.2685	BayesianGaussianMixture
9.381	BayesianGaussianMixture
9.4004	BayesianGaussianMixture
9.5379	BayesianGaussianMixture
9.5959	BayesianGaussianMixture
10.5647	BayesianGaussianMixture
10.6822	BayesianGaussianMixture
11.8257	BayesianGaussianMixture
12.0879	BayesianGaussianMixture
12.1642	BayesianGaussianMixture
12.5928	BayesianGaussianMixture
12.7969	BayesianGaussianMixture
12.8241	BayesianGaussianMixture
12.8386	BayesianGaussianMixture
12.8477	BayesianGaussianMixture
12.934	BayesianGaussianMixture
12.934	BayesianGaussianMixture
12.9949	BayesianGaussianMixture
13.5496	BayesianGaussianMixture
13.5496	BayesianGaussianMixture
13.6036	BayesianGaussianMixture
13.9467	BayesianGaussianMixture
14.0719	BayesianGaussianMixture
14.6271	BayesianGaussianMixture
14.8228	BayesianGaussianMixture
14.8864	BayesianGaussianMixture
14.8947	BayesianGaussianMixture
14.9842	BayesianGaussianMixture
14.9842	BayesianGaussianMixture
15.0662	BayesianGaussianMixture
15.0691	BayesianGaussianMixture
15.241	BayesianGaussianMixture
15.2579	BayesianGaussianMixture
15.2591	BayesianGaussianMixture
15.2939	BayesianGaussianMixture
15.2962	BayesianGaussianMixture
15.3188	BayesianGaussianMixture
15.3828	BayesianGaussianMixture
15.4953	BayesianGaussianMixture
15.5579	BayesianGaussianMixture
15.5579	BayesianGaussianMixture
15.5738	BayesianGaussianMixture
15.5936	BayesianGaussianMixture
15.6189	BayesianGaussianMixture
15.6421	BayesianGaussianMixture
15.9719	BayesianGaussianMixture
15.9781	BayesianGaussianMixture
15.9963	BayesianGaussianMixture
16.0046	BayesianGaussianMixture
16.0571	BayesianGaussianMixture
16.0571	BayesianGaussianMixture
16.0776	BayesianGaussianMixture
16.2213	BayesianGaussianMixture
16.2213	BayesianGaussianMixture
16.2364	BayesianGaussianMixture
16.2475	BayesianGaussianMixture
16.2696	BayesianGaussianMixture
16.2895	BayesianGaussianMixture
16.3578	BayesianGaussianMixture
16.3895	BayesianGaussianMixture
16.4049	BayesianGaussianMixture
16.4814	BayesianGaussianMixture
16.5025	BayesianGaussianMixture
16.5068	BayesianGaussianMixture
16.5068	BayesianGaussianMixture
16.6252	BayesianGaussianMixture
16.6887	BayesianGaussianMixture
16.7182	BayesianGaussianMixture
16.7731	BayesianGaussianMixture
16.7731	BayesianGaussianMixture
16.7903	BayesianGaussianMixture
16.8069	BayesianGaussianMixture
16.808	BayesianGaussianMixture
16.8222	BayesianGaussianMixture
16.8852	BayesianGaussianMixture
16.9001	BayesianGaussianMixture
16.9187	BayesianGaussianMixture
16.9497	BayesianGaussianMixture
17.0292	BayesianGaussianMixture
17.0332	BayesianGaussianMixture
17.2098	BayesianGaussianMixture
17.2098	BayesianGaussianMixture
17.2182	BayesianGaussianMixture
17.2182	BayesianGaussianMixture
17.2182	BayesianGaussianMixture
17.324	BayesianGaussianMixture
17.3717	BayesianGaussianMixture
17.3884	BayesianGaussianMixture
17.411	BayesianGaussianMixture
17.5033	BayesianGaussianMixture
17.5251	BayesianGaussianMixture
17.577	BayesianGaussianMixture
17.5892	BayesianGaussianMixture
17.5905	BayesianGaussianMixture
17.5909	BayesianGaussianMixture
17.6053	BayesianGaussianMixture
17.6089	BayesianGaussianMixture
17.6336	BayesianGaussianMixture
17.774	BayesianGaussianMixture
17.7847	BayesianGaussianMixture
17.7847	BayesianGaussianMixture
17.8838	BayesianGaussianMixture
17.9389	BayesianGaussianMixture
17.9727	BayesianGaussianMixture
18.0819	BayesianGaussianMixture
18.1182	BayesianGaussianMixture
18.1264	BayesianGaussianMixture
18.3513	BayesianGaussianMixture
18.4242	BayesianGaussianMixture
18.4451	BayesianGaussianMixture
18.4739	BayesianGaussianMixture
18.5249	BayesianGaussianMixture
18.5436	BayesianGaussianMixture
18.6337	BayesianGaussianMixture
18.6696	BayesianGaussianMixture
18.7931	BayesianGaussianMixture
18.8085	BayesianGaussianMixture
18.8966	BayesianGaussianMixture
18.924	BayesianGaussianMixture
19.1122	BayesianGaussianMixture
19.1286	BayesianGaussianMixture
19.1614	BayesianGaussianMixture
19.1614	BayesianGaussianMixture
19.2466	BayesianGaussianMixture
19.3933	BayesianGaussianMixture
19.4985	BayesianGaussianMixture
19.4985	BayesianGaussianMixture
19.5513	BayesianGaussianMixture
19.5513	BayesianGaussianMixture
19.5927	BayesianGaussianMixture
19.5927	BayesianGaussianMixture
19.5974	BayesianGaussianMixture
19.6136	BayesianGaussianMixture
19.6136	BayesianGaussianMixture
19.6335	BayesianGaussianMixture
19.6336	BayesianGaussianMixture
19.6908	BayesianGaussianMixture
19.7372	BayesianGaussianMixture
19.7437	BayesianGaussianMixture
19.8351	BayesianGaussianMixture
19.8351	BayesianGaussianMixture
19.9268	BayesianGaussianMixture
19.9414	BayesianGaussianMixture
19.9566	BayesianGaussianMixture
20.0055	BayesianGaussianMixture
20.0055	BayesianGaussianMixture
20.0805	BayesianGaussianMixture
20.0837	BayesianGaussianMixture
20.1088	BayesianGaussianMixture
20.1205	BayesianGaussianMixture
20.1205	BayesianGaussianMixture
20.1525	BayesianGaussianMixture
20.1611	BayesianGaussianMixture
20.1831	BayesianGaussianMixture
20.286	BayesianGaussianMixture
20.3613	BayesianGaussianMixture
20.403	BayesianGaussianMixture
20.4458	BayesianGaussianMixture
20.4458	BayesianGaussianMixture
20.4822	BayesianGaussianMixture
20.616	BayesianGaussianMixture
20.6475	BayesianGaussianMixture
20.7027	BayesianGaussianMixture
20.7239	BayesianGaussianMixture
20.8372	BayesianGaussianMixture
20.8372	BayesianGaussianMixture
20.8908	BayesianGaussianMixture
20.9957	BayesianGaussianMixture
21.1786	BayesianGaussianMixture
21.1786	BayesianGaussianMixture
21.25	BayesianGaussianMixture
21.3233	BayesianGaussianMixture
21.3479	BayesianGaussianMixture
21.3718	BayesianGaussianMixture
21.4838	BayesianGaussianMixture
21.5088	BayesianGaussianMixture
21.5307	BayesianGaussianMixture
21.5307	BayesianGaussianMixture
21.6253	BayesianGaussianMixture
21.644	BayesianGaussianMixture
21.6798	BayesianGaussianMixture
21.6869	BayesianGaussianMixture
21.7634	BayesianGaussianMixture
21.7644	BayesianGaussianMixture
21.7879	BayesianGaussianMixture
21.817	BayesianGaussianMixture
21.8897	BayesianGaussianMixture
21.9417	BayesianGaussianMixture
21.9516	BayesianGaussianMixture
21.9769	BayesianGaussianMixture
21.9845	BayesianGaussianMixture
21.9845	BayesianGaussianMixture
22.0147	BayesianGaussianMixture
22.0353	BayesianGaussianMixture
22.0365	BayesianGaussianMixture
22.0949	BayesianGaussianMixture
22.1113	BayesianGaussianMixture
22.1314	BayesianGaussianMixture
22.1453	BayesianGaussianMixture
22.1521	BayesianGaussianMixture
22.2866	BayesianGaussianMixture
22.2881	BayesianGaussianMixture
22.3087	BayesianGaussianMixture
22.3087	BayesianGaussianMixture
22.3117	BayesianGaussianMixture
22.3179	BayesianGaussianMixture
22.3447	BayesianGaussianMixture
22.345	BayesianGaussianMixture
22.3626	BayesianGaussianMixture
22.3651	BayesianGaussianMixture
22.4443	BayesianGaussianMixture
22.4711	BayesianGaussianMixture
22.4711	BayesianGaussianMixture
22.5313	BayesianGaussianMixture
22.5681	BayesianGaussianMixture
22.5705	BayesianGaussianMixture
22.5844	BayesianGaussianMixture
22.6428	BayesianGaussianMixture
22.6428	BayesianGaussianMixture
22.7566	BayesianGaussianMixture
22.8411	BayesianGaussianMixture
22.8742	BayesianGaussianMixture
22.8832	BayesianGaussianMixture
22.8832	BayesianGaussianMixture
22.9082	BayesianGaussianMixture
22.9153	BayesianGaussianMixture
22.9688	BayesianGaussianMixture
22.9769	BayesianGaussianMixture
23.0316	BayesianGaussianMixture
23.0316	BayesianGaussianMixture
23.0738	BayesianGaussianMixture
23.0738	BayesianGaussianMixture
23.0791	BayesianGaussianMixture
23.0854	BayesianGaussianMixture
23.0965	BayesianGaussianMixture
23.1299	BayesianGaussianMixture
23.1299	BayesianGaussianMixture
23.1342	BayesianGaussianMixture
23.1473	BayesianGaussianMixture
23.1944	BayesianGaussianMixture
23.3288	BayesianGaussianMixture
23.4741	BayesianGaussianMixture
23.4741	BayesianGaussianMixture
23.5814	BayesianGaussianMixture
23.5836	BayesianGaussianMixture
23.6514	BayesianGaussianMixture
23.6514	BayesianGaussianMixture
23.849	BayesianGaussianMixture
23.8774	BayesianGaussianMixture
23.8921	BayesianGaussianMixture
23.8921	BayesianGaussianMixture
23.8986	BayesianGaussianMixture
23.926	BayesianGaussianMixture
23.94	BayesianGaussianMixture
23.9405	BayesianGaussianMixture
23.9494	BayesianGaussianMixture
23.9944	BayesianGaussianMixture
24.0604	BayesianGaussianMixture
24.3019	BayesianGaussianMixture
24.4568	BayesianGaussianMixture
24.4687	BayesianGaussianMixture
24.5186	BayesianGaussianMixture
24.5522	BayesianGaussianMixture
24.6108	BayesianGaussianMixture
24.6722	BayesianGaussianMixture
24.6894	BayesianGaussianMixture
24.6894	BayesianGaussianMixture
24.7709	BayesianGaussianMixture
24.8385	BayesianGaussianMixture
24.8744	BayesianGaussianMixture
25.0772	BayesianGaussianMixture
25.1299	BayesianGaussianMixture
25.1299	BayesianGaussianMixture
25.1837	BayesianGaussianMixture
25.256	BayesianGaussianMixture
25.2696	BayesianGaussianMixture
25.2927	BayesianGaussianMixture
25.3008	BayesianGaussianMixture
25.3011	BayesianGaussianMixture
25.3311	BayesianGaussianMixture
25.4199	BayesianGaussianMixture
25.5652	BayesianGaussianMixture
25.5665	BayesianGaussianMixture
25.5789	BayesianGaussianMixture
25.5945	BayesianGaussianMixture
25.6272	BayesianGaussianMixture
25.6418	BayesianGaussianMixture
25.6477	BayesianGaussianMixture
25.6555	BayesianGaussianMixture
25.6574	BayesianGaussianMixture
25.7128	BayesianGaussianMixture
25.7485	BayesianGaussianMixture
25.869	BayesianGaussianMixture
25.8702	BayesianGaussianMixture
25.8745	BayesianGaussianMixture
25.9064	BayesianGaussianMixture
25.9445	BayesianGaussianMixture
26.0106	BayesianGaussianMixture
26.0493	BayesianGaussianMixture
26.0858	BayesianGaussianMixture
26.1109	BayesianGaussianMixture
26.1464	BayesianGaussianMixture
26.2629	BayesianGaussianMixture
26.4568	BayesianGaussianMixture
26.4949	BayesianGaussianMixture
26.5127	BayesianGaussianMixture
26.6089	BayesianGaussianMixture
26.6152	BayesianGaussianMixture
26.6394	BayesianGaussianMixture
26.6493	BayesianGaussianMixture
26.8331	BayesianGaussianMixture
26.8533	BayesianGaussianMixture
27.0027	BayesianGaussianMixture
27.0951	BayesianGaussianMixture
27.126	BayesianGaussianMixture
27.126	BayesianGaussianMixture
27.126	BayesianGaussianMixture
27.2591	BayesianGaussianMixture
27.31	BayesianGaussianMixture
27.3838	BayesianGaussianMixture
27.4793	BayesianGaussianMixture
27.5625	BayesianGaussianMixture
27.5935	BayesianGaussianMixture
27.8519	BayesianGaussianMixture
27.8519	BayesianGaussianMixture
27.8561	BayesianGaussianMixture
27.9407	BayesianGaussianMixture
27.9407	BayesianGaussianMixture
28.1851	BayesianGaussianMixture
28.5252	BayesianGaussianMixture
28.8898	BayesianGaussianMixture
29.1605	BayesianGaussianMixture
29.3633	BayesianGaussianMixture
29.444	BayesianGaussianMixture
29.7281	BayesianGaussianMixture
29.8006	BayesianGaussianMixture
29.8202	BayesianGaussianMixture
30.3606	BayesianGaussianMixture
30.3903	BayesianGaussianMixture
32.5136	BayesianGaussianMixture
33.5119	BayesianGaussianMixture
33.7784	BayesianGaussianMixture
2.3527	AgglomerativeClustering
2.7686	AgglomerativeClustering
2.7686	AgglomerativeClustering
3.3381	AgglomerativeClustering
4.3144	AgglomerativeClustering
4.6532	AgglomerativeClustering
4.6532	AgglomerativeClustering
5.1589	AgglomerativeClustering
6.1062	AgglomerativeClustering
6.2369	AgglomerativeClustering
6.2369	AgglomerativeClustering
6.3969	AgglomerativeClustering
6.7211	AgglomerativeClustering
6.7211	AgglomerativeClustering
6.9833	AgglomerativeClustering
6.9833	AgglomerativeClustering
7.0354	AgglomerativeClustering
7.0354	AgglomerativeClustering
7.0642	AgglomerativeClustering
7.0642	AgglomerativeClustering
8.3212	AgglomerativeClustering
8.6111	AgglomerativeClustering
8.8018	AgglomerativeClustering
9.0678	AgglomerativeClustering
9.1912	AgglomerativeClustering
9.1912	AgglomerativeClustering
9.2685	AgglomerativeClustering
9.381	AgglomerativeClustering
9.4004	AgglomerativeClustering
9.5379	AgglomerativeClustering
9.5959	AgglomerativeClustering
10.5647	AgglomerativeClustering
10.6822	AgglomerativeClustering
11.8257	AgglomerativeClustering
12.0879	AgglomerativeClustering
12.1642	AgglomerativeClustering
12.5928	AgglomerativeClustering
12.7969	AgglomerativeClustering
12.8241	AgglomerativeClustering
12.8386	AgglomerativeClustering
12.8477	AgglomerativeClustering
12.934	AgglomerativeClustering
12.934	AgglomerativeClustering
12.9949	AgglomerativeClustering
13.5496	AgglomerativeClustering
13.5496	AgglomerativeClustering
13.6036	AgglomerativeClustering
13.9467	AgglomerativeClustering
14.0719	AgglomerativeClustering
14.6271	AgglomerativeClustering
14.8228	AgglomerativeClustering
14.8864	AgglomerativeClustering
14.8947	AgglomerativeClustering
14.9842	AgglomerativeClustering
14.9842	AgglomerativeClustering
15.0662	AgglomerativeClustering
15.0691	AgglomerativeClustering
15.241	AgglomerativeClustering
15.2579	AgglomerativeClustering
15.2591	AgglomerativeClustering
15.2939	AgglomerativeClustering
15.2962	AgglomerativeClustering
15.3188	AgglomerativeClustering
15.3828	AgglomerativeClustering
15.4953	AgglomerativeClustering
15.5579	AgglomerativeClustering
15.5579	AgglomerativeClustering
15.5738	AgglomerativeClustering
15.5936	AgglomerativeClustering
15.6189	AgglomerativeClustering
15.6421	AgglomerativeClustering
15.9719	AgglomerativeClustering
15.9781	AgglomerativeClustering
15.9963	AgglomerativeClustering
16.0046	AgglomerativeClustering
16.0571	AgglomerativeClustering
16.0571	AgglomerativeClustering
16.0776	AgglomerativeClustering
16.2213	AgglomerativeClustering
16.2213	AgglomerativeClustering
16.2364	AgglomerativeClustering
16.2475	AgglomerativeClustering
16.2696	AgglomerativeClustering
16.2895	AgglomerativeClustering
16.3578	AgglomerativeClustering
16.3895	AgglomerativeClustering
16.4049	AgglomerativeClustering
16.4814	AgglomerativeClustering
16.5025	AgglomerativeClustering
16.5068	AgglomerativeClustering
16.5068	AgglomerativeClustering
16.6252	AgglomerativeClustering
16.6887	AgglomerativeClustering
16.7182	AgglomerativeClustering
16.7731	AgglomerativeClustering
16.7731	AgglomerativeClustering
16.7903	AgglomerativeClustering
16.8069	AgglomerativeClustering
16.808	AgglomerativeClustering
16.8222	AgglomerativeClustering
16.8852	AgglomerativeClustering
16.9001	AgglomerativeClustering
16.9187	AgglomerativeClustering
16.9497	AgglomerativeClustering
17.0292	AgglomerativeClustering
17.0332	AgglomerativeClustering
17.2098	AgglomerativeClustering
17.2098	AgglomerativeClustering
17.2182	AgglomerativeClustering
17.2182	AgglomerativeClustering
17.2182	AgglomerativeClustering
17.324	AgglomerativeClustering
17.3717	AgglomerativeClustering
17.3884	AgglomerativeClustering
17.411	AgglomerativeClustering
17.5033	AgglomerativeClustering
17.5251	AgglomerativeClustering
17.577	AgglomerativeClustering
17.5892	AgglomerativeClustering
17.5905	AgglomerativeClustering
17.5909	AgglomerativeClustering
17.6053	AgglomerativeClustering
17.6089	AgglomerativeClustering
17.6336	AgglomerativeClustering
17.774	AgglomerativeClustering
17.7847	AgglomerativeClustering
17.7847	AgglomerativeClustering
17.8838	AgglomerativeClustering
17.9389	AgglomerativeClustering
17.9727	AgglomerativeClustering
18.0819	AgglomerativeClustering
18.1182	AgglomerativeClustering
18.1264	AgglomerativeClustering
18.3513	AgglomerativeClustering
18.4242	AgglomerativeClustering
18.4451	AgglomerativeClustering
18.4739	AgglomerativeClustering
18.5249	AgglomerativeClustering
18.5436	AgglomerativeClustering
18.6337	AgglomerativeClustering
18.6696	AgglomerativeClustering
18.7931	AgglomerativeClustering
18.8085	AgglomerativeClustering
18.8966	AgglomerativeClustering
18.924	AgglomerativeClustering
19.1122	AgglomerativeClustering
19.1286	AgglomerativeClustering
19.1614	AgglomerativeClustering
19.1614	AgglomerativeClustering
19.2466	AgglomerativeClustering
19.3933	AgglomerativeClustering
19.4985	AgglomerativeClustering
19.4985	AgglomerativeClustering
19.5513	AgglomerativeClustering
19.5513	AgglomerativeClustering
19.5927	AgglomerativeClustering
19.5927	AgglomerativeClustering
19.5974	AgglomerativeClustering
19.6136	AgglomerativeClustering
19.6136	AgglomerativeClustering
19.6335	AgglomerativeClustering
19.6336	AgglomerativeClustering
19.6908	AgglomerativeClustering
19.7372	AgglomerativeClustering
19.7437	AgglomerativeClustering
19.8351	AgglomerativeClustering
19.8351	AgglomerativeClustering
19.9268	AgglomerativeClustering
19.9414	AgglomerativeClustering
19.9566	AgglomerativeClustering
20.0055	AgglomerativeClustering
20.0055	AgglomerativeClustering
20.0805	AgglomerativeClustering
20.0837	AgglomerativeClustering
20.1088	AgglomerativeClustering
20.1205	AgglomerativeClustering
20.1205	AgglomerativeClustering
20.1525	AgglomerativeClustering
20.1611	AgglomerativeClustering
20.1831	AgglomerativeClustering
20.286	AgglomerativeClustering
20.3613	AgglomerativeClustering
20.403	AgglomerativeClustering
20.4458	AgglomerativeClustering
20.4458	AgglomerativeClustering
20.4822	AgglomerativeClustering
20.616	AgglomerativeClustering
20.6475	AgglomerativeClustering
20.7027	AgglomerativeClustering
20.7239	AgglomerativeClustering
20.8372	AgglomerativeClustering
20.8372	AgglomerativeClustering
20.8908	AgglomerativeClustering
20.9957	AgglomerativeClustering
21.1786	AgglomerativeClustering
21.1786	AgglomerativeClustering
21.25	AgglomerativeClustering
21.3233	AgglomerativeClustering
21.3479	AgglomerativeClustering
21.3718	AgglomerativeClustering
21.4838	AgglomerativeClustering
21.5088	AgglomerativeClustering
21.5307	AgglomerativeClustering
21.5307	AgglomerativeClustering
21.6253	AgglomerativeClustering
21.644	AgglomerativeClustering
21.6798	AgglomerativeClustering
21.6869	AgglomerativeClustering
21.7634	AgglomerativeClustering
21.7644	AgglomerativeClustering
21.7879	AgglomerativeClustering
21.817	AgglomerativeClustering
21.8897	AgglomerativeClustering
21.9417	AgglomerativeClustering
21.9516	AgglomerativeClustering
21.9769	AgglomerativeClustering
21.9845	AgglomerativeClustering
21.9845	AgglomerativeClustering
22.0147	AgglomerativeClustering
22.0353	AgglomerativeClustering
22.0365	AgglomerativeClustering
22.0949	AgglomerativeClustering
22.1113	AgglomerativeClustering
22.1314	AgglomerativeClustering
22.1453	AgglomerativeClustering
22.1521	AgglomerativeClustering
22.2866	AgglomerativeClustering
22.2881	AgglomerativeClustering
22.3087	AgglomerativeClustering
22.3087	AgglomerativeClustering
22.3117	AgglomerativeClustering
22.3179	AgglomerativeClustering
22.3447	AgglomerativeClustering
22.345	AgglomerativeClustering
22.3626	AgglomerativeClustering
22.3651	AgglomerativeClustering
22.4443	AgglomerativeClustering
22.4711	AgglomerativeClustering
22.4711	AgglomerativeClustering
22.5313	AgglomerativeClustering
22.5681	AgglomerativeClustering
22.5705	AgglomerativeClustering
22.5844	AgglomerativeClustering
22.6428	AgglomerativeClustering
22.6428	AgglomerativeClustering
22.7566	AgglomerativeClustering
22.8411	AgglomerativeClustering
22.8742	AgglomerativeClustering
22.8832	AgglomerativeClustering
22.8832	AgglomerativeClustering
22.9082	AgglomerativeClustering
22.9153	AgglomerativeClustering
22.9688	AgglomerativeClustering
22.9769	AgglomerativeClustering
23.0316	AgglomerativeClustering
23.0316	AgglomerativeClustering
23.0738	AgglomerativeClustering
23.0738	AgglomerativeClustering
23.0791	AgglomerativeClustering
23.0854	AgglomerativeClustering
23.0965	AgglomerativeClustering
23.1299	AgglomerativeClustering
23.1299	AgglomerativeClustering
23.1342	AgglomerativeClustering
23.1473	AgglomerativeClustering
23.1944	AgglomerativeClustering
23.3288	AgglomerativeClustering
23.4741	AgglomerativeClustering
23.4741	AgglomerativeClustering
23.5814	AgglomerativeClustering
23.5836	AgglomerativeClustering
23.6514	AgglomerativeClustering
23.6514	AgglomerativeClustering
23.849	AgglomerativeClustering
23.8774	AgglomerativeClustering
23.8921	AgglomerativeClustering
23.8921	AgglomerativeClustering
23.8986	AgglomerativeClustering
23.926	AgglomerativeClustering
23.94	AgglomerativeClustering
23.9405	AgglomerativeClustering
23.9494	AgglomerativeClustering
23.9944	AgglomerativeClustering
24.0604	AgglomerativeClustering
24.3019	AgglomerativeClustering
24.4568	AgglomerativeClustering
24.4687	AgglomerativeClustering
24.5186	AgglomerativeClustering
24.5522	AgglomerativeClustering
24.6108	AgglomerativeClustering
24.6722	AgglomerativeClustering
24.6894	AgglomerativeClustering
24.6894	AgglomerativeClustering
24.7709	AgglomerativeClustering
24.8385	AgglomerativeClustering
24.8744	AgglomerativeClustering
25.0772	AgglomerativeClustering
25.1299	AgglomerativeClustering
25.1299	AgglomerativeClustering
25.1837	AgglomerativeClustering
25.256	AgglomerativeClustering
25.2696	AgglomerativeClustering
25.2927	AgglomerativeClustering
25.3008	AgglomerativeClustering
25.3011	AgglomerativeClustering
25.3311	AgglomerativeClustering
25.4199	AgglomerativeClustering
25.5652	AgglomerativeClustering
25.5665	AgglomerativeClustering
25.5789	AgglomerativeClustering
25.5945	AgglomerativeClustering
25.6272	AgglomerativeClustering
25.6418	AgglomerativeClustering
25.6477	AgglomerativeClustering
25.6555	AgglomerativeClustering
25.6574	AgglomerativeClustering
25.7128	AgglomerativeClustering
25.7485	AgglomerativeClustering
25.869	AgglomerativeClustering
25.8702	AgglomerativeClustering
25.8745	AgglomerativeClustering
25.9064	AgglomerativeClustering
25.9445	AgglomerativeClustering
26.0106	AgglomerativeClustering
26.0493	AgglomerativeClustering
26.0858	AgglomerativeClustering
26.1109	AgglomerativeClustering
26.1464	AgglomerativeClustering
26.2629	AgglomerativeClustering
26.4568	AgglomerativeClustering
26.4949	AgglomerativeClustering
26.5127	AgglomerativeClustering
26.6089	AgglomerativeClustering
26.6152	AgglomerativeClustering
26.6394	AgglomerativeClustering
26.6493	AgglomerativeClustering
26.8331	AgglomerativeClustering
26.8533	AgglomerativeClustering
27.0027	AgglomerativeClustering
27.0951	AgglomerativeClustering
27.126	AgglomerativeClustering
27.126	AgglomerativeClustering
27.126	AgglomerativeClustering
27.2591	AgglomerativeClustering
27.31	AgglomerativeClustering
27.3838	AgglomerativeClustering
27.4793	AgglomerativeClustering
27.5625	AgglomerativeClustering
27.5935	AgglomerativeClustering
27.8519	AgglomerativeClustering
27.8519	AgglomerativeClustering
27.8561	AgglomerativeClustering
27.9407	AgglomerativeClustering
27.9407	AgglomerativeClustering
28.1851	AgglomerativeClustering
28.5252	AgglomerativeClustering
28.8898	AgglomerativeClustering
29.1605	AgglomerativeClustering
29.3633	AgglomerativeClustering
29.444	AgglomerativeClustering
29.7281	AgglomerativeClustering
29.8006	AgglomerativeClustering
29.8202	AgglomerativeClustering
30.3606	AgglomerativeClustering
30.3903	AgglomerativeClustering
32.5136	AgglomerativeClustering
33.5119	AgglomerativeClustering
33.7784	AgglomerativeClustering
2.3527	SpectralClustering
2.7686	SpectralClustering
2.7686	SpectralClustering
3.3381	SpectralClustering
4.3144	SpectralClustering
4.6532	SpectralClustering
4.6532	SpectralClustering
5.1589	SpectralClustering
6.1062	SpectralClustering
6.2369	SpectralClustering
6.2369	SpectralClustering
6.3969	SpectralClustering
6.7211	SpectralClustering
6.7211	SpectralClustering
6.9833	SpectralClustering
6.9833	SpectralClustering
7.0354	SpectralClustering
7.0354	SpectralClustering
7.0642	SpectralClustering
7.0642	SpectralClustering
8.3212	SpectralClustering
8.6111	SpectralClustering
8.8018	SpectralClustering
9.0678	SpectralClustering
9.1912	SpectralClustering
9.1912	SpectralClustering
9.2685	SpectralClustering
9.381	SpectralClustering
9.4004	SpectralClustering
9.5379	SpectralClustering
9.5959	SpectralClustering
10.5647	SpectralClustering
10.6822	SpectralClustering
11.8257	SpectralClustering
12.0879	SpectralClustering
12.1642	SpectralClustering
12.5928	SpectralClustering
12.7969	SpectralClustering
12.8241	SpectralClustering
12.8386	SpectralClustering
12.8477	SpectralClustering
12.934	SpectralClustering
12.934	SpectralClustering
12.9949	SpectralClustering
13.5496	SpectralClustering
13.5496	SpectralClustering
13.6036	SpectralClustering
13.9467	SpectralClustering
14.0719	SpectralClustering
14.6271	SpectralClustering
14.8228	SpectralClustering
14.8864	SpectralClustering
14.8947	SpectralClustering
14.9842	SpectralClustering
14.9842	SpectralClustering
15.0662	SpectralClustering
15.0691	SpectralClustering
15.241	SpectralClustering
15.2579	SpectralClustering
15.2591	SpectralClustering
15.2939	SpectralClustering
15.2962	SpectralClustering
15.3188	SpectralClustering
15.3828	SpectralClustering
15.4953	SpectralClustering
15.5579	SpectralClustering
15.5579	SpectralClustering
15.5738	SpectralClustering
15.5936	SpectralClustering
15.6189	SpectralClustering
15.6421	SpectralClustering
15.9719	SpectralClustering
15.9781	SpectralClustering
15.9963	SpectralClustering
16.0046	SpectralClustering
16.0571	SpectralClustering
16.0571	SpectralClustering
16.0776	SpectralClustering
16.2213	SpectralClustering
16.2213	SpectralClustering
16.2364	SpectralClustering
16.2475	SpectralClustering
16.2696	SpectralClustering
16.2895	SpectralClustering
16.3578	SpectralClustering
16.3895	SpectralClustering
16.4049	SpectralClustering
16.4814	SpectralClustering
16.5025	SpectralClustering
16.5068	SpectralClustering
16.5068	SpectralClustering
16.6252	SpectralClustering
16.6887	SpectralClustering
16.7182	SpectralClustering
16.7731	SpectralClustering
16.7731	SpectralClustering
16.7903	SpectralClustering
16.8069	SpectralClustering
16.808	SpectralClustering
16.8222	SpectralClustering
16.8852	SpectralClustering
16.9001	SpectralClustering
16.9187	SpectralClustering
16.9497	SpectralClustering
17.0292	SpectralClustering
17.0332	SpectralClustering
17.2098	SpectralClustering
17.2098	SpectralClustering
17.2182	SpectralClustering
17.2182	SpectralClustering
17.2182	SpectralClustering
17.324	SpectralClustering
17.3717	SpectralClustering
17.3884	SpectralClustering
17.411	SpectralClustering
17.5033	SpectralClustering
17.5251	SpectralClustering
17.577	SpectralClustering
17.5892	SpectralClustering
17.5905	SpectralClustering
17.5909	SpectralClustering
17.6053	SpectralClustering
17.6089	SpectralClustering
17.6336	SpectralClustering
17.774	SpectralClustering
17.7847	SpectralClustering
17.7847	SpectralClustering
17.8838	SpectralClustering
17.9389	SpectralClustering
17.9727	SpectralClustering
18.0819	SpectralClustering
18.1182	SpectralClustering
18.1264	SpectralClustering
18.3513	SpectralClustering
18.4242	SpectralClustering
18.4451	SpectralClustering
18.4739	SpectralClustering
18.5249	SpectralClustering
18.5436	SpectralClustering
18.6337	SpectralClustering
18.6696	SpectralClustering
18.7931	SpectralClustering
18.8085	SpectralClustering
18.8966	SpectralClustering
18.924	SpectralClustering
19.1122	SpectralClustering
19.1286	SpectralClustering
19.1614	SpectralClustering
19.1614	SpectralClustering
19.2466	SpectralClustering
19.3933	SpectralClustering
19.4985	SpectralClustering
19.4985	SpectralClustering
19.5513	SpectralClustering
19.5513	SpectralClustering
19.5927	SpectralClustering
19.5927	SpectralClustering
19.5974	SpectralClustering
19.6136	SpectralClustering
19.6136	SpectralClustering
19.6335	SpectralClustering
19.6336	SpectralClustering
19.6908	SpectralClustering
19.7372	SpectralClustering
19.7437	SpectralClustering
19.8351	SpectralClustering
19.8351	SpectralClustering
19.9268	SpectralClustering
19.9414	SpectralClustering
19.9566	SpectralClustering
20.0055	SpectralClustering
20.0055	SpectralClustering
20.0805	SpectralClustering
20.0837	SpectralClustering
20.1088	SpectralClustering
20.1205	SpectralClustering
20.1205	SpectralClustering
20.1525	SpectralClustering
20.1611	SpectralClustering
20.1831	SpectralClustering
20.286	SpectralClustering
20.3613	SpectralClustering
20.403	SpectralClustering
20.4458	SpectralClustering
20.4458	SpectralClustering
20.4822	SpectralClustering
20.616	SpectralClustering
20.6475	SpectralClustering
20.7027	SpectralClustering
20.7239	SpectralClustering
20.8372	SpectralClustering
20.8372	SpectralClustering
20.8908	SpectralClustering
20.9957	SpectralClustering
21.1786	SpectralClustering
21.1786	SpectralClustering
21.25	SpectralClustering
21.3233	SpectralClustering
21.3479	SpectralClustering
21.3718	SpectralClustering
21.4838	SpectralClustering
21.5088	SpectralClustering
21.5307	SpectralClustering
21.5307	SpectralClustering
21.6253	SpectralClustering
21.644	SpectralClustering
21.6798	SpectralClustering
21.6869	SpectralClustering
21.7634	SpectralClustering
21.7644	SpectralClustering
21.7879	SpectralClustering
21.817	SpectralClustering
21.8897	SpectralClustering
21.9417	SpectralClustering
21.9516	SpectralClustering
21.9769	SpectralClustering
21.9845	SpectralClustering
21.9845	SpectralClustering
22.0147	SpectralClustering
22.0353	SpectralClustering
22.0365	SpectralClustering
22.0949	SpectralClustering
22.1113	SpectralClustering
22.1314	SpectralClustering
22.1453	SpectralClustering
22.1521	SpectralClustering
22.2866	SpectralClustering
22.2881	SpectralClustering
22.3087	SpectralClustering
22.3087	SpectralClustering
22.3117	SpectralClustering
22.3179	SpectralClustering
22.3447	SpectralClustering
22.345	SpectralClustering
22.3626	SpectralClustering
22.3651	SpectralClustering
22.4443	SpectralClustering
22.4711	SpectralClustering
22.4711	SpectralClustering
22.5313	SpectralClustering
22.5681	SpectralClustering
22.5705	SpectralClustering
22.5844	SpectralClustering
22.6428	SpectralClustering
22.6428	SpectralClustering
22.7566	SpectralClustering
22.8411	SpectralClustering
22.8742	SpectralClustering
22.8832	SpectralClustering
22.8832	SpectralClustering
22.9082	SpectralClustering
22.9153	SpectralClustering
22.9688	SpectralClustering
22.9769	SpectralClustering
23.0316	SpectralClustering
23.0316	SpectralClustering
23.0738	SpectralClustering
23.0738	SpectralClustering
23.0791	SpectralClustering
23.0854	SpectralClustering
23.0965	SpectralClustering
23.1299	SpectralClustering
23.1299	SpectralClustering
23.1342	SpectralClustering
23.1473	SpectralClustering
23.1944	SpectralClustering
23.3288	SpectralClustering
23.4741	SpectralClustering
23.4741	SpectralClustering
23.5814	SpectralClustering
23.5836	SpectralClustering
23.6514	SpectralClustering
23.6514	SpectralClustering
23.849	SpectralClustering
23.8774	SpectralClustering
23.8921	SpectralClustering
23.8921	SpectralClustering
23.8986	SpectralClustering
23.926	SpectralClustering
23.94	SpectralClustering
23.9405	SpectralClustering
23.9494	SpectralClustering
23.9944	SpectralClustering
24.0604	SpectralClustering
24.3019	SpectralClustering
24.4568	SpectralClustering
24.4687	SpectralClustering
24.5186	SpectralClustering
24.5522	SpectralClustering
24.6108	SpectralClustering
24.6722	SpectralClustering
24.6894	SpectralClustering
24.6894	SpectralClustering
24.7709	SpectralClustering
24.8385	SpectralClustering
24.8744	SpectralClustering
25.0772	SpectralClustering
25.1299	SpectralClustering
25.1299	SpectralClustering
25.1837	SpectralClustering
25.256	SpectralClustering
25.2696	SpectralClustering
25.2927	SpectralClustering
25.3008	SpectralClustering
25.3011	SpectralClustering
25.3311	SpectralClustering
25.4199	SpectralClustering
25.5652	SpectralClustering
25.5665	SpectralClustering
25.5789	SpectralClustering
25.5945	SpectralClustering
25.6272	SpectralClustering
25.6418	SpectralClustering
25.6477	SpectralClustering
25.6555	SpectralClustering
25.6574	SpectralClustering
25.7128	SpectralClustering
25.7485	SpectralClustering
25.869	SpectralClustering
25.8702	SpectralClustering
25.8745	SpectralClustering
25.9064	SpectralClustering
25.9445	SpectralClustering
26.0106	SpectralClustering
26.0493	SpectralClustering
26.0858	SpectralClustering
26.1109	SpectralClustering
26.1464	SpectralClustering
26.2629	SpectralClustering
26.4568	SpectralClustering
26.4949	SpectralClustering
26.5127	SpectralClustering
26.6089	SpectralClustering
26.6152	SpectralClustering
26.6394	SpectralClustering
26.6493	SpectralClustering
26.8331	SpectralClustering
26.8533	SpectralClustering
27.0027	SpectralClustering
27.0951	SpectralClustering
27.126	SpectralClustering
27.126	SpectralClustering
27.126	SpectralClustering
27.2591	SpectralClustering
27.31	SpectralClustering
27.3838	SpectralClustering
27.4793	SpectralClustering
27.5625	SpectralClustering
27.5935	SpectralClustering
27.8519	SpectralClustering
27.8519	SpectralClustering
27.8561	SpectralClustering
27.9407	SpectralClustering
27.9407	SpectralClustering
28.1851	SpectralClustering
28.5252	SpectralClustering
28.8898	SpectralClustering
29.1605	SpectralClustering
29.3633	SpectralClustering
29.444	SpectralClustering
29.7281	SpectralClustering
29.8006	SpectralClustering
29.8202	SpectralClustering
30.3606	SpectralClustering
30.3903	SpectralClustering
32.5136	SpectralClustering
33.5119	SpectralClustering
33.7784	SpectralClustering
2.3527	KMeans
2.7686	KMeans
2.7686	KMeans
3.3381	KMeans
4.3144	KMeans
4.6532	KMeans
4.6532	KMeans
5.1589	KMeans
6.1062	KMeans
6.2369	KMeans
6.2369	KMeans
6.3969	KMeans
6.7211	KMeans
6.7211	KMeans
6.9833	KMeans
6.9833	KMeans
7.0354	KMeans
7.0354	KMeans
7.0642	KMeans
7.0642	KMeans
8.3212	KMeans
8.6111	KMeans
8.8018	KMeans
9.0678	KMeans
9.1912	KMeans
9.1912	KMeans
9.2685	KMeans
9.381	KMeans
9.4004	KMeans
9.5379	KMeans
9.5959	KMeans
10.5647	KMeans
10.6822	KMeans
11.8257	KMeans
12.0879	KMeans
12.1642	KMeans
12.5928	KMeans
12.7969	KMeans
12.8241	KMeans
12.8386	KMeans
12.8477	KMeans
12.934	KMeans
12.934	KMeans
12.9949	KMeans
13.5496	KMeans
13.5496	KMeans
13.6036	KMeans
13.9467	KMeans
14.0719	KMeans
14.6271	KMeans
14.8228	KMeans
14.8864	KMeans
14.8947	KMeans
14.9842	KMeans
14.9842	KMeans
15.0662	KMeans
15.0691	KMeans
15.241	KMeans
15.2579	KMeans
15.2591	KMeans
15.2939	KMeans
15.2962	KMeans
15.3188	KMeans
15.3828	KMeans
15.4953	KMeans
15.5579	KMeans
15.5579	KMeans
15.5738	KMeans
15.5936	KMeans
15.6189	KMeans
15.6421	KMeans
15.9719	KMeans
15.9781	KMeans
15.9963	KMeans
16.0046	KMeans
16.0571	KMeans
16.0571	KMeans
16.0776	KMeans
16.2213	KMeans
16.2213	KMeans
16.2364	KMeans
16.2475	KMeans
16.2696	KMeans
16.2895	KMeans
16.3578	KMeans
16.3895	KMeans
16.4049	KMeans
16.4814	KMeans
16.5025	KMeans
16.5068	KMeans
16.5068	KMeans
16.6252	KMeans
16.6887	KMeans
16.7182	KMeans
16.7731	KMeans
16.7731	KMeans
16.7903	KMeans
16.8069	KMeans
16.808	KMeans
16.8222	KMeans
16.8852	KMeans
16.9001	KMeans
16.9187	KMeans
16.9497	KMeans
17.0292	KMeans
17.0332	KMeans
17.2098	KMeans
17.2098	KMeans
17.2182	KMeans
17.2182	KMeans
17.2182	KMeans
17.324	KMeans
17.3717	KMeans
17.3884	KMeans
17.411	KMeans
17.5033	KMeans
17.5251	KMeans
17.577	KMeans
17.5892	KMeans
17.5905	KMeans
17.5909	KMeans
17.6053	KMeans
17.6089	KMeans
17.6336	KMeans
17.774	KMeans
17.7847	KMeans
17.7847	KMeans
17.8838	KMeans
17.9389	KMeans
17.9727	KMeans
18.0819	KMeans
18.1182	KMeans
18.1264	KMeans
18.3513	KMeans
18.4242	KMeans
18.4451	KMeans
18.4739	KMeans
18.5249	KMeans
18.5436	KMeans
18.6337	KMeans
18.6696	KMeans
18.7931	KMeans
18.8085	KMeans
18.8966	KMeans
18.924	KMeans
19.1122	KMeans
19.1286	KMeans
19.1614	KMeans
19.1614	KMeans
19.2466	KMeans
19.3933	KMeans
19.4985	KMeans
19.4985	KMeans
19.5513	KMeans
19.5513	KMeans
19.5927	KMeans
19.5927	KMeans
19.5974	KMeans
19.6136	KMeans
19.6136	KMeans
19.6335	KMeans
19.6336	KMeans
19.6908	KMeans
19.7372	KMeans
19.7437	KMeans
19.8351	KMeans
19.8351	KMeans
19.9268	KMeans
19.9414	KMeans
19.9566	KMeans
20.0055	KMeans
20.0055	KMeans
20.0805	KMeans
20.0837	KMeans
20.1088	KMeans
20.1205	KMeans
20.1205	KMeans
20.1525	KMeans
20.1611	KMeans
20.1831	KMeans
20.286	KMeans
20.3613	KMeans
20.403	KMeans
20.4458	KMeans
20.4458	KMeans
20.4822	KMeans
20.616	KMeans
20.6475	KMeans
20.7027	KMeans
20.7239	KMeans
20.8372	KMeans
20.8372	KMeans
20.8908	KMeans
20.9957	KMeans
21.1786	KMeans
21.1786	KMeans
21.25	KMeans
21.3233	KMeans
21.3479	KMeans
21.3718	KMeans
21.4838	KMeans
21.5088	KMeans
21.5307	KMeans
21.5307	KMeans
21.6253	KMeans
21.644	KMeans
21.6798	KMeans
21.6869	KMeans
21.7634	KMeans
21.7644	KMeans
21.7879	KMeans
21.817	KMeans
21.8897	KMeans
21.9417	KMeans
21.9516	KMeans
21.9769	KMeans
21.9845	KMeans
21.9845	KMeans
22.0147	KMeans
22.0353	KMeans
22.0365	KMeans
22.0949	KMeans
22.1113	KMeans
22.1314	KMeans
22.1453	KMeans
22.1521	KMeans
22.2866	KMeans
22.2881	KMeans
22.3087	KMeans
22.3087	KMeans
22.3117	KMeans
22.3179	KMeans
22.3447	KMeans
22.345	KMeans
22.3626	KMeans
22.3651	KMeans
22.4443	KMeans
22.4711	KMeans
22.4711	KMeans
22.5313	KMeans
22.5681	KMeans
22.5705	KMeans
22.5844	KMeans
22.6428	KMeans
22.6428	KMeans
22.7566	KMeans
22.8411	KMeans
22.8742	KMeans
22.8832	KMeans
22.8832	KMeans
22.9082	KMeans
22.9153	KMeans
22.9688	KMeans
22.9769	KMeans
23.0316	KMeans
23.0316	KMeans
23.0738	KMeans
23.0738	KMeans
23.0791	KMeans
23.0854	KMeans
23.0965	KMeans
23.1299	KMeans
23.1299	KMeans
23.1342	KMeans
23.1473	KMeans
23.1944	KMeans
23.3288	KMeans
23.4741	KMeans
23.4741	KMeans
23.5814	KMeans
23.5836	KMeans
23.6514	KMeans
23.6514	KMeans
23.849	KMeans
23.8774	KMeans
23.8921	KMeans
23.8921	KMeans
23.8986	KMeans
23.926	KMeans
23.94	KMeans
23.9405	KMeans
23.9494	KMeans
23.9944	KMeans
24.0604	KMeans
24.3019	KMeans
24.4568	KMeans
24.4687	KMeans
24.5186	KMeans
24.5522	KMeans
24.6108	KMeans
24.6722	KMeans
24.6894	KMeans
24.6894	KMeans
24.7709	KMeans
24.8385	KMeans
24.8744	KMeans
25.0772	KMeans
25.1299	KMeans
25.1299	KMeans
25.1837	KMeans
25.256	KMeans
25.2696	KMeans
25.2927	KMeans
25.3008	KMeans
25.3011	KMeans
25.3311	KMeans
25.4199	KMeans
25.5652	KMeans
25.5665	KMeans
25.5789	KMeans
25.5945	KMeans
25.6272	KMeans
25.6418	KMeans
25.6477	KMeans
25.6555	KMeans
25.6574	KMeans
25.7128	KMeans
25.7485	KMeans
25.869	KMeans
25.8702	KMeans
25.8745	KMeans
25.9064	KMeans
25.9445	KMeans
26.0106	KMeans
26.0493	KMeans
26.0858	KMeans
26.1109	KMeans
26.1464	KMeans
26.2629	KMeans
26.4568	KMeans
26.4949	KMeans
26.5127	KMeans
26.6089	KMeans
26.6152	KMeans
26.6394	KMeans
26.6493	KMeans
26.8331	KMeans
26.8533	KMeans
27.0027	KMeans
27.0951	KMeans
27.126	KMeans
27.126	KMeans
27.126	KMeans
27.2591	KMeans
27.31	KMeans
27.3838	KMeans
27.4793	KMeans
27.5625	KMeans
27.5935	KMeans
27.8519	KMeans
27.8519	KMeans
27.8561	KMeans
27.9407	KMeans
27.9407	KMeans
28.1851	KMeans
28.5252	KMeans
28.8898	KMeans
29.1605	KMeans
29.3633	KMeans
29.444	KMeans
29.7281	KMeans
29.8006	KMeans
29.8202	KMeans
30.3606	KMeans
30.3903	KMeans
32.5136	KMeans
33.5119	KMeans
33.7784	KMeans
2.3527	MeanShift
2.7686	MeanShift
2.7686	MeanShift
3.3381	MeanShift
4.3144	MeanShift
4.6532	MeanShift
4.6532	MeanShift
5.1589	MeanShift
6.1062	MeanShift
6.2369	MeanShift
6.2369	MeanShift
6.3969	MeanShift
6.7211	MeanShift
6.7211	MeanShift
6.9833	MeanShift
6.9833	MeanShift
7.0354	MeanShift
7.0354	MeanShift
7.0642	MeanShift
7.0642	MeanShift
8.3212	MeanShift
8.6111	MeanShift
8.8018	MeanShift
9.0678	MeanShift
9.1912	MeanShift
9.1912	MeanShift
9.2685	MeanShift
9.381	MeanShift
9.4004	MeanShift
9.5379	MeanShift
9.5959	MeanShift
10.5647	MeanShift
10.6822	MeanShift
11.8257	MeanShift
12.0879	MeanShift
12.1642	MeanShift
12.5928	MeanShift
12.7969	MeanShift
12.8241	MeanShift
12.8386	MeanShift
12.8477	MeanShift
12.934	MeanShift
12.934	MeanShift
12.9949	MeanShift
13.5496	MeanShift
13.5496	MeanShift
13.6036	MeanShift
13.9467	MeanShift
14.0719	MeanShift
14.6271	MeanShift
14.8228	MeanShift
14.8864	MeanShift
14.8947	MeanShift
14.9842	MeanShift
14.9842	MeanShift
15.0662	MeanShift
15.0691	MeanShift
15.241	MeanShift
15.2579	MeanShift
15.2591	MeanShift
15.2939	MeanShift
15.2962	MeanShift
15.3188	MeanShift
15.3828	MeanShift
15.4953	MeanShift
15.5579	MeanShift
15.5579	MeanShift
15.5738	MeanShift
15.5936	MeanShift
15.6189	MeanShift
15.6421	MeanShift
15.9719	MeanShift
15.9781	MeanShift
15.9963	MeanShift
16.0046	MeanShift
16.0571	MeanShift
16.0571	MeanShift
16.0776	MeanShift
16.2213	MeanShift
16.2213	MeanShift
16.2364	MeanShift
16.2475	MeanShift
16.2696	MeanShift
16.2895	MeanShift
16.3578	MeanShift
16.3895	MeanShift
16.4049	MeanShift
16.4814	MeanShift
16.5025	MeanShift
16.5068	MeanShift
16.5068	MeanShift
16.6252	MeanShift
16.6887	MeanShift
16.7182	MeanShift
16.7731	MeanShift
16.7731	MeanShift
16.7903	MeanShift
16.8069	MeanShift
16.808	MeanShift
16.8222	MeanShift
16.8852	MeanShift
16.9001	MeanShift
16.9187	MeanShift
16.9497	MeanShift
17.0292	MeanShift
17.0332	MeanShift
17.2098	MeanShift
17.2098	MeanShift
17.2182	MeanShift
17.2182	MeanShift
17.2182	MeanShift
17.324	MeanShift
17.3717	MeanShift
17.3884	MeanShift
17.411	MeanShift
17.5033	MeanShift
17.5251	MeanShift
17.577	MeanShift
17.5892	MeanShift
17.5905	MeanShift
17.5909	MeanShift
17.6053	MeanShift
17.6089	MeanShift
17.6336	MeanShift
17.774	MeanShift
17.7847	MeanShift
17.7847	MeanShift
17.8838	MeanShift
17.9389	MeanShift
17.9727	MeanShift
18.0819	MeanShift
18.1182	MeanShift
18.1264	MeanShift
18.3513	MeanShift
18.4242	MeanShift
18.4451	MeanShift
18.4739	MeanShift
18.5249	MeanShift
18.5436	MeanShift
18.6337	MeanShift
18.6696	MeanShift
18.7931	MeanShift
18.8085	MeanShift
18.8966	MeanShift
18.924	MeanShift
19.1122	MeanShift
19.1286	MeanShift
19.1614	MeanShift
19.1614	MeanShift
19.2466	MeanShift
19.3933	MeanShift
19.4985	MeanShift
19.4985	MeanShift
19.5513	MeanShift
19.5513	MeanShift
19.5927	MeanShift
19.5927	MeanShift
19.5974	MeanShift
19.6136	MeanShift
19.6136	MeanShift
19.6335	MeanShift
19.6336	MeanShift
19.6908	MeanShift
19.7372	MeanShift
19.7437	MeanShift
19.8351	MeanShift
19.8351	MeanShift
19.9268	MeanShift
19.9414	MeanShift
19.9566	MeanShift
20.0055	MeanShift
20.0055	MeanShift
20.0805	MeanShift
20.0837	MeanShift
20.1088	MeanShift
20.1205	MeanShift
20.1205	MeanShift
20.1525	MeanShift
20.1611	MeanShift
20.1831	MeanShift
20.286	MeanShift
20.3613	MeanShift
20.403	MeanShift
20.4458	MeanShift
20.4458	MeanShift
20.4822	MeanShift
20.616	MeanShift
20.6475	MeanShift
20.7027	MeanShift
20.7239	MeanShift
20.8372	MeanShift
20.8372	MeanShift
20.8908	MeanShift
20.9957	MeanShift
21.1786	MeanShift
21.1786	MeanShift
21.25	MeanShift
21.3233	MeanShift
21.3479	MeanShift
21.3718	MeanShift
21.4838	MeanShift
21.5088	MeanShift
21.5307	MeanShift
21.5307	MeanShift
21.6253	MeanShift
21.644	MeanShift
21.6798	MeanShift
21.6869	MeanShift
21.7634	MeanShift
21.7644	MeanShift
21.7879	MeanShift
21.817	MeanShift
21.8897	MeanShift
21.9417	MeanShift
21.9516	MeanShift
21.9769	MeanShift
21.9845	MeanShift
21.9845	MeanShift
22.0147	MeanShift
22.0353	MeanShift
22.0365	MeanShift
22.0949	MeanShift
22.1113	MeanShift
22.1314	MeanShift
22.1453	MeanShift
22.1521	MeanShift
22.2866	MeanShift
22.2881	MeanShift
22.3087	MeanShift
22.3087	MeanShift
22.3117	MeanShift
22.3179	MeanShift
22.3447	MeanShift
22.345	MeanShift
22.3626	MeanShift
22.3651	MeanShift
22.4443	MeanShift
22.4711	MeanShift
22.4711	MeanShift
22.5313	MeanShift
22.5681	MeanShift
22.5705	MeanShift
22.5844	MeanShift
22.6428	MeanShift
22.6428	MeanShift
22.7566	MeanShift
22.8411	MeanShift
22.8742	MeanShift
22.8832	MeanShift
22.8832	MeanShift
22.9082	MeanShift
22.9153	MeanShift
22.9688	MeanShift
22.9769	MeanShift
23.0316	MeanShift
23.0316	MeanShift
23.0738	MeanShift
23.0738	MeanShift
23.0791	MeanShift
23.0854	MeanShift
23.0965	MeanShift
23.1299	MeanShift
23.1299	MeanShift
23.1342	MeanShift
23.1473	MeanShift
23.1944	MeanShift
23.3288	MeanShift
23.4741	MeanShift
23.4741	MeanShift
23.5814	MeanShift
23.5836	MeanShift
23.6514	MeanShift
23.6514	MeanShift
23.849	MeanShift
23.8774	MeanShift
23.8921	MeanShift
23.8921	MeanShift
23.8986	MeanShift
23.926	MeanShift
23.94	MeanShift
23.9405	MeanShift
23.9494	MeanShift
23.9944	MeanShift
24.0604	MeanShift
24.3019	MeanShift
24.4568	MeanShift
24.4687	MeanShift
24.5186	MeanShift
24.5522	MeanShift
24.6108	MeanShift
24.6722	MeanShift
24.6894	MeanShift
24.6894	MeanShift
24.7709	MeanShift
24.8385	MeanShift
24.8744	MeanShift
25.0772	MeanShift
25.1299	MeanShift
25.1299	MeanShift
25.1837	MeanShift
25.256	MeanShift
25.2696	MeanShift
25.2927	MeanShift
25.3008	MeanShift
25.3011	MeanShift
25.3311	MeanShift
25.4199	MeanShift
25.5652	MeanShift
25.5665	MeanShift
25.5789	MeanShift
25.5945	MeanShift
25.6272	MeanShift
25.6418	MeanShift
25.6477	MeanShift
25.6555	MeanShift
25.6574	MeanShift
25.7128	MeanShift
25.7485	MeanShift
25.869	MeanShift
25.8702	MeanShift
25.8745	MeanShift
25.9064	MeanShift
25.9445	MeanShift
26.0106	MeanShift
26.0493	MeanShift
26.0858	MeanShift
26.1109	MeanShift
26.1464	MeanShift
26.2629	MeanShift
26.4568	MeanShift
26.4949	MeanShift
26.5127	MeanShift
26.6089	MeanShift
26.6152	MeanShift
26.6394	MeanShift
26.6493	MeanShift
26.8331	MeanShift
26.8533	MeanShift
27.0027	MeanShift
27.0951	MeanShift
27.126	MeanShift
27.126	MeanShift
27.126	MeanShift
27.2591	MeanShift
27.31	MeanShift
27.3838	MeanShift
27.4793	MeanShift
27.5625	MeanShift
27.5935	MeanShift
27.8519	MeanShift
27.8519	MeanShift
27.8561	MeanShift
27.9407	MeanShift
27.9407	MeanShift
28.1851	MeanShift
28.5252	MeanShift
28.8898	MeanShift
29.1605	MeanShift
29.3633	MeanShift
29.444	MeanShift
29.7281	MeanShift
29.8006	MeanShift
29.8202	MeanShift
30.3606	MeanShift
30.3903	MeanShift
32.5136	MeanShift
33.5119	MeanShift
33.7784	MeanShift
2.3527	Birch
2.7686	Birch
2.7686	Birch
3.3381	Birch
4.3144	Birch
4.6532	Birch
4.6532	Birch
5.1589	Birch
6.1062	Birch
6.2369	Birch
6.2369	Birch
6.3969	Birch
6.7211	Birch
6.7211	Birch
6.9833	Birch
6.9833	Birch
7.0354	Birch
7.0354	Birch
7.0642	Birch
7.0642	Birch
8.3212	Birch
8.6111	Birch
8.8018	Birch
9.0678	Birch
9.1912	Birch
9.1912	Birch
9.2685	Birch
9.381	Birch
9.4004	Birch
9.5379	Birch
9.5959	Birch
10.5647	Birch
10.6822	Birch
11.8257	Birch
12.0879	Birch
12.1642	Birch
12.5928	Birch
12.7969	Birch
12.8241	Birch
12.8386	Birch
12.8477	Birch
12.934	Birch
12.934	Birch
12.9949	Birch
13.5496	Birch
13.5496	Birch
13.6036	Birch
13.9467	Birch
14.0719	Birch
14.6271	Birch
14.8228	Birch
14.8864	Birch
14.8947	Birch
14.9842	Birch
14.9842	Birch
15.0662	Birch
15.0691	Birch
15.241	Birch
15.2579	Birch
15.2591	Birch
15.2939	Birch
15.2962	Birch
15.3188	Birch
15.3828	Birch
15.4953	Birch
15.5579	Birch
15.5579	Birch
15.5738	Birch
15.5936	Birch
15.6189	Birch
15.6421	Birch
15.9719	Birch
15.9781	Birch
15.9963	Birch
16.0046	Birch
16.0571	Birch
16.0571	Birch
16.0776	Birch
16.2213	Birch
16.2213	Birch
16.2364	Birch
16.2475	Birch
16.2696	Birch
16.2895	Birch
16.3578	Birch
16.3895	Birch
16.4049	Birch
16.4814	Birch
16.5025	Birch
16.5068	Birch
16.5068	Birch
16.6252	Birch
16.6887	Birch
16.7182	Birch
16.7731	Birch
16.7731	Birch
16.7903	Birch
16.8069	Birch
16.808	Birch
16.8222	Birch
16.8852	Birch
16.9001	Birch
16.9187	Birch
16.9497	Birch
17.0292	Birch
17.0332	Birch
17.2098	Birch
17.2098	Birch
17.2182	Birch
17.2182	Birch
17.2182	Birch
17.324	Birch
17.3717	Birch
17.3884	Birch
17.411	Birch
17.5033	Birch
17.5251	Birch
17.577	Birch
17.5892	Birch
17.5905	Birch
17.5909	Birch
17.6053	Birch
17.6089	Birch
17.6336	Birch
17.774	Birch
17.7847	Birch
17.7847	Birch
17.8838	Birch
17.9389	Birch
17.9727	Birch
18.0819	Birch
18.1182	Birch
18.1264	Birch
18.3513	Birch
18.4242	Birch
18.4451	Birch
18.4739	Birch
18.5249	Birch
18.5436	Birch
18.6337	Birch
18.6696	Birch
18.7931	Birch
18.8085	Birch
18.8966	Birch
18.924	Birch
19.1122	Birch
19.1286	Birch
19.1614	Birch
19.1614	Birch
19.2466	Birch
19.3933	Birch
19.4985	Birch
19.4985	Birch
19.5513	Birch
19.5513	Birch
19.5927	Birch
19.5927	Birch
19.5974	Birch
19.6136	Birch
19.6136	Birch
19.6335	Birch
19.6336	Birch
19.6908	Birch
19.7372	Birch
19.7437	Birch
19.8351	Birch
19.8351	Birch
19.9268	Birch
19.9414	Birch
19.9566	Birch
20.0055	Birch
20.0055	Birch
20.0805	Birch
20.0837	Birch
20.1088	Birch
20.1205	Birch
20.1205	Birch
20.1525	Birch
20.1611	Birch
20.1831	Birch
20.286	Birch
20.3613	Birch
20.403	Birch
20.4458	Birch
20.4458	Birch
20.4822	Birch
20.616	Birch
20.6475	Birch
20.7027	Birch
20.7239	Birch
20.8372	Birch
20.8372	Birch
20.8908	Birch
20.9957	Birch
21.1786	Birch
21.1786	Birch
21.25	Birch
21.3233	Birch
21.3479	Birch
21.3718	Birch
21.4838	Birch
21.5088	Birch
21.5307	Birch
21.5307	Birch
21.6253	Birch
21.644	Birch
21.6798	Birch
21.6869	Birch
21.7634	Birch
21.7644	Birch
21.7879	Birch
21.817	Birch
21.8897	Birch
21.9417	Birch
21.9516	Birch
21.9769	Birch
21.9845	Birch
21.9845	Birch
22.0147	Birch
22.0353	Birch
22.0365	Birch
22.0949	Birch
22.1113	Birch
22.1314	Birch
22.1453	Birch
22.1521	Birch
22.2866	Birch
22.2881	Birch
22.3087	Birch
22.3087	Birch
22.3117	Birch
22.3179	Birch
22.3447	Birch
22.345	Birch
22.3626	Birch
22.3651	Birch
22.4443	Birch
22.4711	Birch
22.4711	Birch
22.5313	Birch
22.5681	Birch
22.5705	Birch
22.5844	Birch
22.6428	Birch
22.6428	Birch
22.7566	Birch
22.8411	Birch
22.8742	Birch
22.8832	Birch
22.8832	Birch
22.9082	Birch
22.9153	Birch
22.9688	Birch
22.9769	Birch
23.0316	Birch
23.0316	Birch
23.0738	Birch
23.0738	Birch
23.0791	Birch
23.0854	Birch
23.0965	Birch
23.1299	Birch
23.1299	Birch
23.1342	Birch
23.1473	Birch
23.1944	Birch
23.3288	Birch
23.4741	Birch
23.4741	Birch
23.5814	Birch
23.5836	Birch
23.6514	Birch
23.6514	Birch
23.849	Birch
23.8774	Birch
23.8921	Birch
23.8921	Birch
23.8986	Birch
23.926	Birch
23.94	Birch
23.9405	Birch
23.9494	Birch
23.9944	Birch
24.0604	Birch
24.3019	Birch
24.4568	Birch
24.4687	Birch
24.5186	Birch
24.5522	Birch
24.6108	Birch
24.6722	Birch
24.6894	Birch
24.6894	Birch
24.7709	Birch
24.8385	Birch
24.8744	Birch
25.0772	Birch
25.1299	Birch
25.1299	Birch
25.1837	Birch
25.256	Birch
25.2696	Birch
25.2927	Birch
25.3008	Birch
25.3011	Birch
25.3311	Birch
25.4199	Birch
25.5652	Birch
25.5665	Birch
25.5789	Birch
25.5945	Birch
25.6272	Birch
25.6418	Birch
25.6477	Birch
25.6555	Birch
25.6574	Birch
25.7128	Birch
25.7485	Birch
25.869	Birch
25.8702	Birch
25.8745	Birch
25.9064	Birch
25.9445	Birch
26.0106	Birch
26.0493	Birch
26.0858	Birch
26.1109	Birch
26.1464	Birch
26.2629	Birch
26.4568	Birch
26.4949	Birch
26.5127	Birch
26.6089	Birch
26.6152	Birch
26.6394	Birch
26.6493	Birch
26.8331	Birch
26.8533	Birch
27.0027	Birch
27.0951	Birch
27.126	Birch
27.126	Birch
27.126	Birch
27.2591	Birch
27.31	Birch
27.3838	Birch
27.4793	Birch
27.5625	Birch
27.5935	Birch
27.8519	Birch
27.8519	Birch
27.8561	Birch
27.9407	Birch
27.9407	Birch
28.1851	Birch
28.5252	Birch
28.8898	Birch
29.1605	Birch
29.3633	Birch
29.444	Birch
29.7281	Birch
29.8006	Birch
29.8202	Birch
30.3606	Birch
30.3903	Birch
32.5136	Birch
33.5119	Birch
33.7784	Birch
