name	HI	Labels	protein	box
Hafnia	1.4897	1	>NZ_JAEMBX020000077.1_283 NZ_JAEMBX020000077.1_283- 324858-325364 260-279	TACTGTATATTCATACAGTA
Hafnia	1.4897	1	>NZ_JAEMBX020000077.1_284 NZ_JAEMBX020000077.1_284- 325587-326207 97-116	TACTGTATGAATATACAGTA
Hafnia	2.3224	1	>NZ_JAEMBX020000074.1_118 NZ_JAEMBX020000074.1_118- 125442-125690 257-276	GACTGTATATATATACAGTA
Hafnia	3.4356	1	>NZ_JAEMBX020000056.1_28 NZ_JAEMBX020000056.1_28- 28126-29178 238-257	TACTGTATGACTATACAGTA
Hafnia	3.9943	1	>NZ_JAEMBX020000076.1_88 NZ_JAEMBX020000076.1_88- 104219-105217 148-167	TACTGTGTTTATATACAGCA
Hafnia	4.4699	1	>NZ_JAEMBX020000058.1_47 NZ_JAEMBX020000058.1_46-NZ_JAEMBX020000058.1_47- 47961-49733 115-134	TGCTGTTTAAATATACAGCA
Hafnia	5.7809	1	>NZ_JAEMBX020000076.1_170 NZ_JAEMBX020000076.1_170- 190954-191259 265-284	TACTGATTTTATATACAGTA
Hafnia	5.8527	1	>NZ_JAEMBX020000053.1_98 NZ_JAEMBX020000053.1_98- 73183-73560 264-283	TACTGTTTATGTGTACAGTA
Hafnia	5.8527	1	>NZ_JAEMBX020000063.1_121 NZ_JAEMBX020000063.1_121- 133569-133946 265-284	TACTGTTTATGTGTACAGTA
Hafnia	5.9996	1	>NZ_JAEMBX020000077.1_216 NZ_JAEMBX020000077.1_216- 234782-238534 136-155	TCCTGTGTATCTATACAGTT
Hafnia	6.0901	1	>NZ_JAEMBX020000075.1_30 NZ_JAEMBX020000075.1_30- 20828-21883 307-326	TACTGTGAATTTAAACAGTA
Hafnia	6.1062	1	>NZ_JAEMBX020000078.1_167 NZ_JAEMBX020000078.1_167- 185496-187157 231-250	TACTGTATAAAAAACCAGTT
Hafnia	6.2149	1	>NZ_JAEMBX020000052.1_22 NZ_JAEMBX020000052.1_22- 25309-27327 128-147	AGCTGGATTTATATCCAGTA
Hafnia	6.3637	1	>NZ_JAEMBX020000079.1_327 NZ_JAEMBX020000079.1_327- 349811-350419 274-293	AACTGTATAAACAAACAGGT
Hafnia	6.6912	1	>NZ_JAEMBX020000057.1_6 NZ_JAEMBX020000057.1_6- 3623-3883 194-213	TACTGGTTAAAAACACAGTA
Hafnia	7.1929	1	>NZ_JAEMBX020000057.1_6 NZ_JAEMBX020000057.1_6- 3623-3883 252-271	AACTGTGTTTTTATACAGTG
Hafnia	7.7697	1	>NZ_JAEMBX020000076.1_209 NZ_JAEMBX020000076.1_209- 232417-233253 99-118	ACCTGTTTTAATACACAGTA
Hafnia	7.7697	1	>NZ_JAEMBX020000076.1_210 NZ_JAEMBX020000076.1_210- 233646-233948 88-107	TACTGTGTATTAAAACAGGT
Hafnia	7.7878	1	>NZ_JAEMBX020000078.1_167 NZ_JAEMBX020000078.1_167- 185496-187157 253-272	TACTGTGGTTAAATACAGTT
Hafnia	7.8196	1	>NZ_JAEMBX020000079.1_327 NZ_JAEMBX020000079.1_327- 349811-350419 253-272	ACCTGTATATACTCACAGCA
Hafnia	8.3819	1	>NZ_JAEMBX020000082.1_316 NZ_JAEMBX020000082.1_316- 318828-319370 262-281	TGCTGGATAAATTACCAGTA
Hafnia	8.3861	1	>NZ_JAEMBX020000083.1_16 NZ_JAEMBX020000083.1_16- 19309-22245 131-150	TACTGGATATTCATTCAGGT
Hafnia	8.3861	1	>NZ_JAEMBX020000083.1_17 NZ_JAEMBX020000083.1_17- 22674-23213 20-39	ACCTGAATGAATATCCAGTA
Hafnia	8.4363	1	>NZ_JAEMBX020000067.1_83 NZ_JAEMBX020000067.1_83- 98410-98892 239-258	TACTGTTTATGGATACAGTT
Hafnia	8.7489	1	>NZ_JAEMBX020000075.1_59 NZ_JAEMBX020000075.1_59- 44424-45539 261-280	TACTGTGTAAATCAACAGTG
Hafnia	8.8316	1	>NZ_JAEMBX020000083.1_246 NZ_JAEMBX020000083.1_246- 281357-282739 211-230	GTCTGTATAAAAAAACAGTA
Hafnia	9.9447	1	>NZ_JAEMBX020000082.1_180 NZ_JAEMBX020000082.1_180- 183958-184776 35-54	AGCTGTTTATTTTTACAGCG
Hafnia	11.0573	1	>NZ_JAEMBX020000082.1_185 NZ_JAEMBX020000082.1_185- 189211-189825 218-237	GGCTGGATATTCATCCAGCC
Hafnia	11.1716	1	>NZ_JAEMBX020000061.1_19 NZ_JAEMBX020000061.1_19- 18860-20392 235-254	CTCTGGACATCCATACAGTA
Hafnia	11.3427	1	>NZ_JAEMBX020000078.1_261 NZ_JAEMBX020000078.1_261-NZ_JAEMBX020000078.1_262-NZ_JAEMBX020000078.1_263-NZ_JAEMBX020000078.1_264-NZ_JAEMBX020000078.1_265-NZ_JAEMBX020000078.1_266-NZ_JAEMBX020000078.1_267-NZ_JAEMBX020000078.1_268- 275359-276000 273-292	TACTGGATCAATTCACAGGA
Hafnia	11.376	1	>NZ_JAEMBX020000057.1_45 NZ_JAEMBX020000057.1_45- 58104-59864 9-28	CACTGTACACTTTTACAGGA
Hafnia	11.376	1	>NZ_JAEMBX020000057.1_46 NZ_JAEMBX020000057.1_46- 59889-60128 273-292	CACTGTACACTTTTACAGGA
Hafnia	11.376	1	>NZ_JAEMBX020000057.1_47 NZ_JAEMBX020000057.1_47- 60426-61148 9-28	TCCTGTAAAAGTGTACAGTG
Hafnia	11.4085	1	>NZ_JAEMBX020000060.1_30 NZ_JAEMBX020000060.1_30- 19554-20165 130-149	AACTGTGTACACGGACAGTT
Hafnia	11.4407	1	>NZ_JAEMBX020000053.1_162 NZ_JAEMBX020000053.1_162- 140560-140691 179-198	TTCTGTGCGTCAATACAGCA
Hafnia	11.4407	1	>NZ_JAEMBX020000063.1_57 NZ_JAEMBX020000063.1_57- 66438-66569 178-197	TTCTGTGCGTCAATACAGCA
Hafnia	11.6349	1	>NZ_JAEMBX020000065.1_18 NZ_JAEMBX020000065.1_18- 16152-18053 300-319	TGCTGGCTGAAAATCCAGCT
Hafnia	11.9998	1	>NZ_JAEMBX020000074.1_81 NZ_JAEMBX020000074.1_81- 86529-86942 224-243	TGCTGGAGAGAAAAACAGTG
Hafnia	11.9998	1	>NZ_JAEMBX020000074.1_82 NZ_JAEMBX020000074.1_82- 87032-87601 266-285	CACTGTTTTTCTCTCCAGCA
Hafnia	12.1905	1	>NZ_JAEMBX020000061.1_65 NZ_JAEMBX020000061.1_65- 71017-73179 224-243	ATCTGTATAAATTCCCAGTG
Hafnia	12.2024	1	>NZ_JAEMBX020000082.1_307 NZ_JAEMBX020000082.1_307- 309313-310773 243-262	AACTGTGCGTAAACTCAGTT
Hafnia	12.2024	1	>NZ_JAEMBX020000082.1_308 NZ_JAEMBX020000082.1_308- 311024-311200 86-105	AACTGAGTTTACGCACAGTT
Hafnia	12.5719	1	>NZ_JAEMBX020000077.1_254 NZ_JAEMBX020000077.1_253-NZ_JAEMBX020000077.1_254- 284198-284968 149-168	TCCTGAATATTTGCACAGCG
Hafnia	12.5719	1	>NZ_JAEMBX020000077.1_255 NZ_JAEMBX020000077.1_255-NZ_JAEMBX020000077.1_256-NZ_JAEMBX020000077.1_257-NZ_JAEMBX020000077.1_258- 285132-285929 267-286	CGCTGTGCAAATATTCAGGA
Hafnia	13.0279	1	>NZ_JAEMBX020000083.1_27 NZ_JAEMBX020000083.1_27- 34889-35530 162-181	TACTGGTTTTCCCACCAGCA
Hafnia	13.3232	1	>NZ_JAEMBX020000069.1_108 NZ_JAEMBX020000069.1_108- 119680-120501 250-269	TGCTGGAGAAGTAACCAGTG
Hafnia	13.5787	1	>NZ_JAEMBX020000077.1_235 NZ_JAEMBX020000077.1_235- 262143-262832 86-105	GACTGGGAGTTTTTCCAGCA
Hafnia	14.0737	1	>NZ_JAEMBX020000065.1_83 NZ_JAEMBX020000065.1_83- 91267-92433 60-79	AACTGAATATTACGCCAGTT
Hafnia	14.2734	1	>NZ_JAEMBX020000065.1_2 NZ_JAEMBX020000065.1_2- 1431-1808 27-46	TTCTGGCGATGAATACAGCA
Hafnia	14.421	1	>NZ_JAEMBX020000056.1_45 NZ_JAEMBX020000056.1_45- 50038-50727 28-47	GCCTGTAAATCAAACCAGTG
Hafnia	14.5151	1	>NZ_JAEMBX020000058.1_28 NZ_JAEMBX020000058.1_28- 28627-29121 156-175	TTCTGTACAGGCAAACAGCG
Hafnia	14.5296	1	>NZ_JAEMBX020000079.1_285 NZ_JAEMBX020000079.1_285- 300907-301596 212-231	TGCTGTTATTACCTTCAGGT
Hafnia	14.5524	1	>NZ_JAEMBX020000061.1_31 NZ_JAEMBX020000061.1_31- 34234-34578 230-249	AACTGGCTATAAATGCAGGC
Hafnia	14.731	0	>NZ_JAEMBX020000069.1_10 NZ_JAEMBX020000069.1_10- 10582-10761 201-220	ATCTGATTATAAATGCAGCA
Hafnia	14.731	0	>NZ_JAEMBX020000069.1_11 NZ_JAEMBX020000069.1_11- 10889-11542 251-270	TGCTGCATTTATAATCAGAT
Hafnia	14.762	0	>NZ_JAEMBX020000074.1_184 NZ_JAEMBX020000074.1_184- 193329-194111 95-114	TGCTGATTAAGCCTTCAGTA
Hafnia	14.8134	0	>NZ_JAEMBX020000062.1_34 NZ_JAEMBX020000062.1_34-NZ_JAEMBX020000062.1_35- 31480-31824 324-343	AGCTGTTGGTTCATTCAGGC
Hafnia	14.8157	0	>NZ_JAEMBX020000076.1_109 NZ_JAEMBX020000076.1_109- 129120-130631 304-323	AACTGCAAACAACAACAGTA
Hafnia	14.8881	0	>NZ_JAEMBX020000079.1_308 NZ_JAEMBX020000079.1_308- 333369-333641 239-258	AGCTGTCTAAAGAGCCAGTT
Hafnia	14.9182	0	>NZ_JAEMBX020000075.1_83 NZ_JAEMBX020000075.1_83- 71546-72430 287-306	GGCTGTATTTGTATGCAGAT
Hafnia	14.9306	0	>NZ_JAEMBX020000061.1_76 NZ_JAEMBX020000061.1_76-NZ_JAEMBX020000061.1_77- 83204-84382 212-231	GGCTGGAAAGACATTCAGGT
Hafnia	15.2144	0	>NZ_JAEMBX020000065.1_1 NZ_JAEMBX020000065.1_1- 427-1332 218-237	AACTGGAGATGCGGCCAGCA
Hafnia	15.2149	0	>NZ_JAEMBX020000066.1_51 NZ_JAEMBX020000066.1_50-NZ_JAEMBX020000066.1_51- 58062-59024 201-220	ACCTGTCTGAACGGACAGAA
Hafnia	15.2192	0	>NZ_JAEMBX020000077.1_246 NZ_JAEMBX020000077.1_245-NZ_JAEMBX020000077.1_246- 273472-276696 251-270	ACCTGAATTAAAGAACAGGT
Hafnia	15.3498	0	>NZ_JAEMBX020000081.1_92 NZ_JAEMBX020000081.1_92- 112713-113507 261-280	TGCTGCAGGAGTCAACAGTA
Hafnia	15.4189	0	>NZ_JAEMBX020000076.1_21 NZ_JAEMBX020000076.1_21- 25745-27808 146-165	TGCTGATGTTTTAACCAGTC
Hafnia	15.4223	0	>NZ_JAEMBX020000075.1_75 NZ_JAEMBX020000075.1_75- 61681-63006 313-332	ACCTGTTTACTAAGTCAGCA
Hafnia	15.5904	0	>NZ_JAEMBX020000081.1_106 NZ_JAEMBX020000081.1_105-NZ_JAEMBX020000081.1_106- 133402-134634 217-236	AACTGTCGGATTATTCAGAT
Hafnia	15.5904	0	>NZ_JAEMBX020000081.1_107 NZ_JAEMBX020000081.1_107- 134825-135046 172-191	ATCTGAATAATCCGACAGTT
Hafnia	15.6492	0	>NZ_JAEMBX020000074.1_39 NZ_JAEMBX020000074.1_39- 41162-41413 52-71	GCCTGTTTATCATCACAGCC
Hafnia	15.7903	0	>NZ_JAEMBX020000082.1_219 NZ_JAEMBX020000082.1_219- 224143-224673 143-162	GGCTGTCTTTACCACCAGTC
Hafnia	15.9211	0	>NZ_JAEMBX020000065.1_26 NZ_JAEMBX020000065.1_26- 26211-26669 263-282	TCCTGCATTTTTACGCAGTG
Hafnia	15.9676	0	>NZ_JAEMBX020000078.1_174 NZ_JAEMBX020000078.1_174- 193147-194526 258-277	TGCTGCGTATACGTCCAGAG
Hafnia	16.365	0	>NZ_JAEMBX020000076.1_64 NZ_JAEMBX020000076.1_64- 77159-78205 243-262	TGCTGTTTAGGGAATCAGGA
Hafnia	16.5572	0	>NZ_JAEMBX020000074.1_91 NZ_JAEMBX020000074.1_91- 96607-97671 84-103	TGCTGAAAGATAAAACAGAC
Hafnia	16.601	0	>NZ_JAEMBX020000079.1_304 NZ_JAEMBX020000079.1_304- 329436-330758 7-26	TGCTGTGTGTGGTTCCAGGG
Hafnia	16.6429	0	>NZ_JAEMBX020000082.1_280 NZ_JAEMBX020000082.1_280- 287081-287260 168-187	TGCTGACCAATCATGCAGTT
Hafnia	16.6429	0	>NZ_JAEMBX020000082.1_281 NZ_JAEMBX020000082.1_281- 287543-287953 129-148	AACTGCATGATTGGTCAGCA
Hafnia	16.6483	0	>NZ_JAEMBX020000077.1_100 NZ_JAEMBX020000077.1_100- 105146-106570 85-104	CACTGGGGATACCTTCAGAA
Hafnia	16.6483	0	>NZ_JAEMBX020000077.1_101 NZ_JAEMBX020000077.1_101- 106783-107841 282-301	TTCTGAAGGTATCCCCAGTG
Hafnia	16.7834	0	>NZ_JAEMBX020000067.1_31 NZ_JAEMBX020000067.1_29-NZ_JAEMBX020000067.1_30-NZ_JAEMBX020000067.1_31- 32065-32589 252-271	CACTGTGCTTTTCATCAGGA
Hafnia	16.7854	0	>NZ_JAEMBX020000070.1_86 NZ_JAEMBX020000070.1_86- 91697-91972 239-258	GACTGAAGACTCTTTCAGTA
Hafnia	16.8646	0	>NZ_JAEMBX020000072.1_60 NZ_JAEMBX020000072.1_60- 74192-75400 116-135	TACTGCCGATGTATGCAGTT
Hafnia	16.8929	0	>NZ_JAEMBX020000067.1_132 NZ_JAEMBX020000067.1_132- 157291-157848 267-286	AGCTGAAAATTATGACAGTG
Hafnia	16.9964	0	>NZ_JAEMBX020000075.1_96 NZ_JAEMBX020000075.1_96- 82680-82901 319-338	TGCTGTGTATTGGTGCAGCG
Hafnia	16.9964	0	>NZ_JAEMBX020000075.1_97 NZ_JAEMBX020000075.1_97- 83117-83515 45-64	CGCTGCACCAATACACAGCA
Hafnia	17.0538	0	>NZ_JAEMBX020000083.1_18 NZ_JAEMBX020000083.1_18- 23455-23784 282-301	ATCTGGGGATAAATGCAGTG
Hafnia	17.097	0	>NZ_JAEMBX020000070.1_122 NZ_JAEMBX020000070.1_122- 130509-131585 214-233	TGCTGGGGATTCGCTCAGTG
Hafnia	17.1561	0	>NZ_JAEMBX020000053.1_66 NZ_JAEMBX020000053.1_66-NZ_JAEMBX020000053.1_67-NZ_JAEMBX020000053.1_68- 48840-49160 129-148	TGCTGCTTTTGCATTCAGCG
Hafnia	17.1561	0	>NZ_JAEMBX020000063.1_153 NZ_JAEMBX020000063.1_151-NZ_JAEMBX020000063.1_152-NZ_JAEMBX020000063.1_153- 157969-158289 130-149	TGCTGCTTTTGCATTCAGCG
Hafnia	17.1582	0	>NZ_JAEMBX020000072.1_97 NZ_JAEMBX020000072.1_97- 120401-122836 34-53	AACTGTTTACACTGGCAGAA
Hafnia	17.1582	0	>NZ_JAEMBX020000082.1_207 NZ_JAEMBX020000082.1_207- 213296-213907 244-263	TTCTGTCTAAACTAGCAGTC
Hafnia	17.1902	0	>NZ_JAEMBX020000082.1_361 NZ_JAEMBX020000082.1_361- 365081-367201 171-190	TCCTGACCAAGTAATCAGTA
Hafnia	17.2922	0	>NZ_JAEMBX020000053.1_59 NZ_JAEMBX020000053.1_59- 46185-46439 106-125	TGCTGCCAATCTTCCCAGTA
Hafnia	17.3143	0	>NZ_JAEMBX020000070.1_22 NZ_JAEMBX020000070.1_22-NZ_JAEMBX020000070.1_23- 28726-29295 8-27	GCCTGAAAAAGAAAACAGTC
Hafnia	17.3857	0	>NZ_JAEMBX020000080.1_69 NZ_JAEMBX020000080.1_67-NZ_JAEMBX020000080.1_68-NZ_JAEMBX020000080.1_69- 80049-82508 19-38	TGCTGCTTAGGTTATCAGTA
Hafnia	17.3879	0	>NZ_JAEMBX020000053.1_184 NZ_JAEMBX020000053.1_184- 165709-166290 197-216	AACTGTTAAGCGGTTCAGTA
Hafnia	17.3879	0	>NZ_JAEMBX020000053.1_185 NZ_JAEMBX020000053.1_185- 166479-167552 194-213	TACTGAACCGCTTAACAGTT
Hafnia	17.3879	0	>NZ_JAEMBX020000063.1_34 NZ_JAEMBX020000063.1_34- 39577-40650 195-214	TACTGAACCGCTTAACAGTT
Hafnia	17.3879	0	>NZ_JAEMBX020000063.1_35 NZ_JAEMBX020000063.1_35- 40839-41420 196-215	AACTGTTAAGCGGTTCAGTA
Hafnia	17.3963	0	>NZ_JAEMBX020000053.1_111 NZ_JAEMBX020000053.1_111- 83612-84388 110-129	GACTGGTCAGAAACCCAGGC
Hafnia	17.3963	0	>NZ_JAEMBX020000063.1_108 NZ_JAEMBX020000063.1_108- 122741-123517 111-130	GACTGGTCAGAAACCCAGGC
Hafnia	17.4224	0	>NZ_JAEMBX020000062.1_100 NZ_JAEMBX020000062.1_100- 109119-109556 97-116	AGCTGAAAGTATGTGCAGCC
Hafnia	17.4401	0	>NZ_JAEMBX020000079.1_369 NZ_JAEMBX020000079.1_369- 403539-405434 107-126	GCCTGAGGGGTCACACAGTT
Hafnia	17.4504	0	>NZ_JAEMBX020000069.1_72 NZ_JAEMBX020000069.1_72- 83092-84267 59-78	CACTGGTATCTAAAACAGAA
Hafnia	17.4504	0	>NZ_JAEMBX020000069.1_73 NZ_JAEMBX020000069.1_73- 84552-85976 236-255	TTCTGTTTTAGATACCAGTG
Hafnia	17.4857	0	>NZ_JAEMBX020000082.1_212 NZ_JAEMBX020000082.1_211-NZ_JAEMBX020000082.1_212- 218873-219685 179-198	TACTGGTTGAGCGATCAGAT
Hafnia	17.5501	0	>NZ_JAEMBX020000078.1_205 NZ_JAEMBX020000078.1_205- 228433-230505 329-348	GCCTGGGTTTACGGACAGGG
Hafnia	17.6702	0	>NZ_JAEMBX020000060.1_29 NZ_JAEMBX020000060.1_29- 19179-19520 214-233	AACTGTGAAGATAGTCAGAC
Hafnia	17.7777	0	>NZ_JAEMBX020000081.1_131 NZ_JAEMBX020000081.1_131- 159883-162270 89-108	ACCTGTTCCCACTCCCAGTA
Hafnia	17.8284	0	>NZ_JAEMBX020000069.1_93 NZ_JAEMBX020000069.1_93-NZ_JAEMBX020000069.1_94- 106098-107210 274-293	GACTGATGAGGCATACAGGC
Hafnia	17.8808	0	>NZ_JAEMBX020000053.1_160 NZ_JAEMBX020000053.1_160- 138480-139430 151-170	TTCTGAAAAATAAGACAGAT
Hafnia	17.8808	0	>NZ_JAEMBX020000063.1_59 NZ_JAEMBX020000063.1_59- 67699-68649 152-171	TTCTGAAAAATAAGACAGAT
Hafnia	17.9715	0	>NZ_JAEMBX020000043.1_1 NZ_JAEMBX020000043.1_1- 325-3114 113-132	ACCTGATAAAAAAGCCAGTG
Hafnia	18.0054	0	>NZ_JAEMBX020000076.1_44 NZ_JAEMBX020000076.1_44- 56148-57098 210-229	CCCTGATTGATTGTGCAGCA
Hafnia	18.0594	0	>NZ_JAEMBX020000066.1_28 NZ_JAEMBX020000066.1_28- 31779-32321 312-331	AACTGGCAATTATTGCAGCT
Hafnia	18.1159	0	>NZ_JAEMBX020000062.1_32 NZ_JAEMBX020000062.1_32- 29756-30061 325-344	GGCTGGAATGTCCACCAGCA
Hafnia	18.1721	0	>NZ_JAEMBX020000081.1_122 NZ_JAEMBX020000081.1_122- 150518-151318 234-253	GACTGTTACCATGTTCAGCA
Hafnia	18.2074	0	>NZ_JAEMBX020000061.1_39 NZ_JAEMBX020000061.1_39- 43802-46132 115-134	CTCTGTTCAAAAAATCAGAA
Hafnia	18.2074	0	>NZ_JAEMBX020000061.1_40 NZ_JAEMBX020000061.1_40- 46413-47108 184-203	TTCTGATTTTTTGAACAGAG
Hafnia	18.2555	0	>NZ_JAEMBX020000078.1_174 NZ_JAEMBX020000078.1_174- 193147-194526 124-143	GGCTGAAATAATTAACAGGC
Hafnia	18.3184	0	>NZ_JAEMBX020000079.1_5 NZ_JAEMBX020000079.1_5- 5228-5437 212-231	TGCTGCTCATACTGTCAGTT
Hafnia	18.3315	0	>NZ_JAEMBX020000066.1_61 NZ_JAEMBX020000066.1_61- 68925-69575 226-245	CACTGGAATCATTCTCAGCT
Hafnia	18.4273	0	>NZ_JAEMBX020000061.1_41 NZ_JAEMBX020000061.1_41-NZ_JAEMBX020000061.1_42-NZ_JAEMBX020000061.1_43- 47353-47658 29-48	TGCTGTTCGACCTGCCAGCC
Hafnia	18.4855	0	>NZ_JAEMBX020000072.1_24 NZ_JAEMBX020000072.1_24- 25039-27090 94-113	CACTGGTTAAACGCTCAGAG
Hafnia	18.5077	0	>NZ_JAEMBX020000047.1_10 NZ_JAEMBX020000047.1_10-NZ_JAEMBX020000047.1_11-NZ_JAEMBX020000047.1_12- 9968-10993 11-30	TTCTGGAAAACACCACAGGC
Hafnia	18.5309	0	>NZ_JAEMBX020000059.1_41 NZ_JAEMBX020000059.1_41- 49527-50222 51-70	TGCTGATGGTTCTCCCAGCC
Hafnia	18.641	0	>NZ_JAEMBX020000072.1_143 NZ_JAEMBX020000072.1_143-NZ_JAEMBX020000072.1_144- 170655-171950 87-106	TGCTGTTGGGGTGATCAGTG
Hafnia	18.6868	0	>NZ_JAEMBX020000074.1_178 NZ_JAEMBX020000074.1_178- 184988-185497 220-239	TCCTGAAAGAGTTCTCAGGA
Hafnia	18.7169	0	>NZ_JAEMBX020000079.1_162 NZ_JAEMBX020000079.1_162- 170373-171113 121-140	AACTGTGAACTCTGCCAGAT
Hafnia	18.7169	0	>NZ_JAEMBX020000079.1_163 NZ_JAEMBX020000079.1_163- 171364-173313 208-227	ATCTGGCAGAGTTCACAGTT
Hafnia	18.7458	0	>NZ_JAEMBX020000083.1_47 NZ_JAEMBX020000083.1_45-NZ_JAEMBX020000083.1_46-NZ_JAEMBX020000083.1_47- 61650-63359 36-55	GGCTGAAAGACAACACAGGC
Hafnia	18.8196	0	>NZ_JAEMBX020000070.1_128 NZ_JAEMBX020000070.1_128- 137506-138870 79-98	TCCTGTGGTTCCCATCAGGT
Hafnia	18.8624	0	>NZ_JAEMBX020000061.1_90 NZ_JAEMBX020000061.1_90- 101266-101592 22-41	GCCTGAATAGGCGTGCAGTT
Hafnia	18.9414	0	>NZ_JAEMBX020000070.1_151 NZ_JAEMBX020000070.1_151- 162046-162285 29-48	GCCTGTTGTCTAAGCCAGTT
Hafnia	18.9851	0	>NZ_JAEMBX020000081.1_72 NZ_JAEMBX020000081.1_71-NZ_JAEMBX020000081.1_72- 87074-88597 207-226	CGCTGCTAGAATATGCAGTG
Hafnia	19.0774	0	>NZ_JAEMBX020000052.1_7 NZ_JAEMBX020000052.1_7- 7560-8351 142-161	GGCTGACTCATAATACAGAA
Hafnia	19.0774	0	>NZ_JAEMBX020000052.1_8 NZ_JAEMBX020000052.1_8- 8558-8707 231-250	TTCTGTATTATGAGTCAGCC
Hafnia	19.1863	0	>NZ_JAEMBX020000081.1_44 NZ_JAEMBX020000081.1_43-NZ_JAEMBX020000081.1_44- 52767-53390 320-339	AACTGGAGGGATCGGCAGTG
Hafnia	19.1971	0	>NZ_JAEMBX020000079.1_5 NZ_JAEMBX020000079.1_5- 5228-5437 94-113	ACCTGCGTAAACGCTCAGAA
Hafnia	19.3356	0	>NZ_JAEMBX020000078.1_89 NZ_JAEMBX020000078.1_89- 105923-107380 41-60	GGCTGGATTGAACGTCAGGA
Hafnia	19.5448	0	>NZ_JAEMBX020000082.1_338 NZ_JAEMBX020000082.1_338- 342111-342308 109-128	ATCTGAGTGAACTGGCAGTA
Hafnia	19.5506	0	>NZ_JAEMBX020000082.1_128 NZ_JAEMBX020000082.1_127-NZ_JAEMBX020000082.1_128- 126753-127301 104-123	AGCTGAATCTGCCATCAGTT
Hafnia	19.5506	0	>NZ_JAEMBX020000082.1_129 NZ_JAEMBX020000082.1_129- 127468-127845 309-328	AACTGATGGCAGATTCAGCT
Hafnia	19.5732	0	>NZ_JAEMBX020000078.1_54 NZ_JAEMBX020000078.1_54- 68208-69785 84-103	AACTGCGTACTAAAGCAGAA
Hafnia	19.5943	0	>NZ_JAEMBX020000074.1_226 NZ_JAEMBX020000074.1_226-NZ_JAEMBX020000074.1_227- 228036-228335 51-70	CTCTGGACAAATTATCAGCG
Hafnia	19.598	0	>NZ_JAEMBX020000076.1_212 NZ_JAEMBX020000076.1_212- 234801-235160 110-129	CGCTGGGCAACCGATCAGCA
Hafnia	19.6664	0	>NZ_JAEMBX020000077.1_146 NZ_JAEMBX020000077.1_139-NZ_JAEMBX020000077.1_140-NZ_JAEMBX020000077.1_141-NZ_JAEMBX020000077.1_142-NZ_JAEMBX020000077.1_143-NZ_JAEMBX020000077.1_144-NZ_JAEMBX020000077.1_145-NZ_JAEMBX020000077.1_146- 157543-158442 105-124	TCCTGACTAGTCTGACAGGC
Hafnia	19.7649	0	>NZ_JAEMBX020000062.1_27 NZ_JAEMBX020000062.1_27- 22453-24531 71-90	ATCTGGCAAAACAGCCAGAT
Hafnia	19.84	0	>NZ_JAEMBX020000081.1_144 NZ_JAEMBX020000081.1_144- 178394-179878 29-48	TCCTGCCATATCCTCCAGGA
Hafnia	19.9407	0	>NZ_JAEMBX020000077.1_235 NZ_JAEMBX020000077.1_235- 262143-262832 111-130	CACTGCTTGGGGTAACAGTA
Hafnia	19.9811	0	>NZ_JAEMBX020000070.1_122 NZ_JAEMBX020000070.1_122- 130509-131585 60-79	GACTGACTCAGTATCCAGCG
Hafnia	20.0175	0	>NZ_JAEMBX020000076.1_162 NZ_JAEMBX020000076.1_161-NZ_JAEMBX020000076.1_162- 182425-182802 67-86	ATCTGGTTTATTTCGCAGTG
Hafnia	20.0175	0	>NZ_JAEMBX020000076.1_163 NZ_JAEMBX020000076.1_163- 183156-183266 159-178	CACTGCGAAATAAACCAGAT
Hafnia	20.0827	0	>NZ_JAEMBX020000079.1_340 NZ_JAEMBX020000079.1_340- 364142-364657 266-285	GGCTGGCGCTATTTTCAGTT
Hafnia	20.1006	0	>NZ_JAEMBX020000059.1_15 NZ_JAEMBX020000059.1_15- 22452-23210 115-134	GCCTGATGGTGATTTCAGTA
Hafnia	20.1026	0	>NZ_JAEMBX020000074.1_52 NZ_JAEMBX020000074.1_52-NZ_JAEMBX020000074.1_53- 54661-55248 56-75	CGCTGCTCACCAATCCAGCT
Hafnia	20.1468	0	>NZ_JAEMBX020000070.1_26 NZ_JAEMBX020000070.1_26- 32414-32656 89-108	GACTGCACTTTGCCCCAGTA
Hafnia	20.2271	0	>NZ_JAEMBX020000083.1_158 NZ_JAEMBX020000083.1_158- 192910-194469 45-64	CGCTGAGCGACAACCCAGTC
Hafnia	20.2271	0	>NZ_JAEMBX020000083.1_157 NZ_JAEMBX020000083.1_157- 191109-192608 233-252	GACTGGGTTGTCGCTCAGCG
Hafnia	20.2799	0	>NZ_JAEMBX020000058.1_4 NZ_JAEMBX020000058.1_3-NZ_JAEMBX020000058.1_4- 2331-2510 158-177	AACTGCGTTGCTTACCAGCG
Hafnia	20.293	0	>NZ_JAEMBX020000069.1_105 NZ_JAEMBX020000069.1_105- 117123-117575 316-335	CGCTGTTTGAAGTCCCAGAG
Hafnia	20.329	0	>NZ_JAEMBX020000082.1_66 NZ_JAEMBX020000082.1_66- 63192-63605 55-74	TACTGGCAGCTACGACAGCG
Hafnia	20.3659	0	>NZ_JAEMBX020000062.1_99 NZ_JAEMBX020000062.1_99- 108061-108396 109-128	AACTGATTAATGAGGCAGTG
Hafnia	20.3745	0	>NZ_JAEMBX020000075.1_77 NZ_JAEMBX020000075.1_77-NZ_JAEMBX020000075.1_78- 64065-65393 115-134	ACCTGTTCCTGCTCTCAGTT
Hafnia	20.38	0	>NZ_JAEMBX020000062.1_94 NZ_JAEMBX020000062.1_94- 99782-102490 319-338	AACTGCTGAAAAACGCAGCC
Hafnia	20.4417	0	>NZ_JAEMBX020000069.1_61 NZ_JAEMBX020000069.1_61- 65606-66055 237-256	CGCTGGCAGCAAATGCAGTC
Hafnia	20.4641	0	>NZ_JAEMBX020000070.1_55 NZ_JAEMBX020000070.1_55- 63474-64403 319-338	CGCTGGAATGATTGGCAGCA
Hafnia	20.4857	0	>NZ_JAEMBX020000074.1_162 NZ_JAEMBX020000074.1_162- 167269-167868 37-56	CACTGACCACAGATTCAGCA
Hafnia	20.5384	0	>NZ_JAEMBX020000078.1_30 NZ_JAEMBX020000078.1_30- 36646-36969 98-117	AGCTGGCTCTGCCACCAGTG
Hafnia	20.5469	0	>NZ_JAEMBX020000082.1_323 NZ_JAEMBX020000082.1_323- 325770-326906 75-94	GGCTGATTGCGTTATCAGCA
Hafnia	20.5765	0	>NZ_JAEMBX020000072.1_108 NZ_JAEMBX020000072.1_108- 134251-134664 52-71	TTCTGCAAATCAAATCAGAT
Hafnia	20.5765	0	>NZ_JAEMBX020000072.1_107 NZ_JAEMBX020000072.1_107- 132721-133833 110-129	ATCTGATTTGATTTGCAGAA
Hafnia	20.5936	0	>NZ_JAEMBX020000077.1_242 NZ_JAEMBX020000077.1_242- 271147-271356 97-116	AACTGATCGTTATCGCAGTG
Hafnia	20.6519	0	>NZ_JAEMBX020000070.1_122 NZ_JAEMBX020000070.1_122- 130509-131585 53-72	TGCTGCTGACTGACTCAGTA
Hafnia	20.7972	0	>NZ_JAEMBX020000057.1_31 NZ_JAEMBX020000057.1_31- 29721-41954 226-245	AGCTGTTCTGCGGTTCAGTT
Hafnia	20.8637	0	>NZ_JAEMBX020000082.1_226 NZ_JAEMBX020000082.1_226- 231822-235283 117-136	ATCTGCCGATAATTTCAGCA
Hafnia	20.8771	0	>NZ_JAEMBX020000072.1_14 NZ_JAEMBX020000072.1_14- 16151-16474 106-125	GGCTGACAAATAAACCAGCC
Hafnia	20.9279	0	>NZ_JAEMBX020000053.1_31 NZ_JAEMBX020000053.1_29-NZ_JAEMBX020000053.1_30-NZ_JAEMBX020000053.1_31- 32829-33113 222-241	TTCTGATGTGCTTACCAGTT
Hafnia	21.0272	0	>NZ_JAEMBX020000077.1_40 NZ_JAEMBX020000077.1_40- 37815-39851 78-97	AGCTGATGCTGCAATCAGCA
Hafnia	21.2288	0	>NZ_JAEMBX020000077.1_113 NZ_JAEMBX020000077.1_113- 123503-123598 76-95	GCCTGATCCCATAAACAGCC
Hafnia	21.2853	0	>NZ_JAEMBX020000082.1_155 NZ_JAEMBX020000082.1_155- 155211-156065 21-40	TGCTGTTTCCGACCTCAGCT
Hafnia	21.3097	0	>NZ_JAEMBX020000079.1_379 NZ_JAEMBX020000079.1_379-NZ_JAEMBX020000079.1_380- 416171-416482 59-78	TCCTGCGCAAAATTGCAGCC
Hafnia	21.3161	0	>NZ_JAEMBX020000077.1_181 NZ_JAEMBX020000077.1_181-NZ_JAEMBX020000077.1_182-NZ_JAEMBX020000077.1_183- 196345-197478 183-202	CGCTGAATACACAGGCAGAG
Hafnia	21.3248	0	>NZ_JAEMBX020000082.1_158 NZ_JAEMBX020000082.1_158- 159715-160191 329-348	TGCTGCTGAAGAAGCCAGCC
Hafnia	21.4239	0	>NZ_JAEMBX020000065.1_14 NZ_JAEMBX020000065.1_14- 12582-13781 95-114	CTCTGTACACTCTGTCAGTG
Hafnia	21.4239	0	>NZ_JAEMBX020000065.1_15 NZ_JAEMBX020000065.1_15- 14187-14642 79-98	CACTGACAGAGTGTACAGAG
Hafnia	21.4326	0	>NZ_JAEMBX020000083.1_4 NZ_JAEMBX020000083.1_4- 4875-6185 47-66	GCCTGCAGGTAACGCCAGTG
Hafnia	21.4783	0	>NZ_JAEMBX020000078.1_234 NZ_JAEMBX020000078.1_234- 260568-261425 119-138	AACTGTCAGGCAGTGCAGCG
Hafnia	21.5416	0	>NZ_JAEMBX020000053.1_109 NZ_JAEMBX020000053.1_109-NZ_JAEMBX020000053.1_110- 82216-83277 89-108	GGCTGCCCAGTTCCACAGCT
Hafnia	21.5416	0	>NZ_JAEMBX020000063.1_110 NZ_JAEMBX020000063.1_109-NZ_JAEMBX020000063.1_110- 123852-124913 90-109	GGCTGCCCAGTTCCACAGCT
Hafnia	21.5873	0	>NZ_JAEMBX020000074.1_202 NZ_JAEMBX020000074.1_202-NZ_JAEMBX020000074.1_203- 209043-209483 83-102	GCCTGCTCAAGCCTACAGGC
Hafnia	21.635	0	>NZ_JAEMBX020000065.1_86 NZ_JAEMBX020000065.1_86- 94941-95957 80-99	AACTGTCAATTGCCTCAGGG
Hafnia	21.6674	0	>NZ_JAEMBX020000082.1_124 NZ_JAEMBX020000082.1_123-NZ_JAEMBX020000082.1_124- 120321-125294 135-154	ACCTGAACATCACATCAGAT
Hafnia	21.6958	0	>NZ_JAEMBX020000046.1_2 NZ_JAEMBX020000046.1_2- 521-2506 78-97	ATCTGGGTGGCCTATCAGCC
Hafnia	21.7222	0	>NZ_JAEMBX020000055.1_9 NZ_JAEMBX020000055.1_9- 9708-10553 80-99	CGCTGAGCTCAATATCAGTA
Hafnia	21.7222	0	>NZ_JAEMBX020000055.1_10 NZ_JAEMBX020000055.1_10- 10933-11115 120-139	TACTGATATTGAGCTCAGCG
Hafnia	21.7359	0	>NZ_JAEMBX020000061.1_31 NZ_JAEMBX020000061.1_31- 34234-34578 309-328	AACTGGTGGCAGTGACAGGC
Hafnia	21.7403	0	>NZ_JAEMBX020000081.1_125 NZ_JAEMBX020000081.1_125- 153724-154449 275-294	GACTGCTTCTTAGGACAGAA
Hafnia	21.7718	0	>NZ_JAEMBX020000074.1_211 NZ_JAEMBX020000074.1_211-NZ_JAEMBX020000074.1_212- 214708-214977 47-66	CCCTGCCTATGTCACCAGCG
Hafnia	21.7759	0	>NZ_JAEMBX020000077.1_153 NZ_JAEMBX020000077.1_153- 165384-166220 117-136	TGCTGATGCTAGTTGCAGTA
Hafnia	21.828	0	>NZ_JAEMBX020000075.1_118 NZ_JAEMBX020000075.1_118- 99867-101384 152-171	GACTGGAAACAGTCGCAGCT
Hafnia	21.8366	0	>NZ_JAEMBX020000069.1_134 NZ_JAEMBX020000069.1_134- 150304-151836 192-211	TACTGTGATGTCCGGCAGGG
Hafnia	21.884	0	>NZ_JAEMBX020000074.1_125 NZ_JAEMBX020000074.1_125- 132205-132318 135-154	TTCTGAGGATAATGGCAGGA
Hafnia	21.8916	0	>NZ_JAEMBX020000054.1_3 NZ_JAEMBX020000054.1_3- 834-1307 27-46	ATCTGATATTTACGACAGGT
Hafnia	21.9382	0	>NZ_JAEMBX020000049.1_30 NZ_JAEMBX020000049.1_30- 14077-14697 0-19	CACTGGGTTGGGCAACAGCC
Hafnia	22.0145	0	>NZ_JAEMBX020000057.1_14 NZ_JAEMBX020000057.1_13-NZ_JAEMBX020000057.1_14- 11377-12294 212-231	GCCTGTTAAACATGTCAGTC
Hafnia	22.0157	0	>NZ_JAEMBX020000078.1_28 NZ_JAEMBX020000078.1_28- 34914-36128 215-234	ATCTGCGCGCATAAGCAGCT
Hafnia	22.0815	0	>NZ_JAEMBX020000055.1_40 NZ_JAEMBX020000055.1_40- 49819-51303 118-137	TGCTGTCGGTGATAGCAGAT
Hafnia	22.1232	0	>NZ_JAEMBX020000077.1_156 NZ_JAEMBX020000077.1_156- 168758-169579 47-66	ATCTGTCTGAAGTGCCAGAT
Hafnia	22.2315	0	>NZ_JAEMBX020000067.1_79 NZ_JAEMBX020000067.1_79-NZ_JAEMBX020000067.1_80- 92803-93912 196-215	TCCTGATTCAGAACTCAGCG
Hafnia	22.2892	0	>NZ_JAEMBX020000070.1_147 NZ_JAEMBX020000070.1_147- 158485-159348 32-51	CTCTGGTTCTGTTTGCAGCT
Hafnia	22.308	0	>NZ_JAEMBX020000077.1_269 NZ_JAEMBX020000077.1_269- 308370-308918 269-288	TCCTGATGACTGATGCAGAA
Hafnia	22.3407	0	>NZ_JAEMBX020000081.1_48 NZ_JAEMBX020000081.1_46-NZ_JAEMBX020000081.1_47-NZ_JAEMBX020000081.1_48- 57469-57951 37-56	CCCTGCGTGAGTTTGCAGAA
Hafnia	22.4389	0	>NZ_JAEMBX020000076.1_18 NZ_JAEMBX020000076.1_18- 23137-23511 161-180	GGCTGCAGAAAAGGGCAGTT
Hafnia	22.6723	0	>NZ_JAEMBX020000079.1_358 NZ_JAEMBX020000079.1_358- 392060-394339 105-124	GTCTGTGACGACGATCAGTT
Hafnia	22.6723	0	>NZ_JAEMBX020000079.1_359 NZ_JAEMBX020000079.1_359-NZ_JAEMBX020000079.1_360- 394595-395773 219-238	AACTGATCGTCGTCACAGAC
Hafnia	22.7935	0	>NZ_JAEMBX020000053.1_163 NZ_JAEMBX020000053.1_163- 140994-141419 132-151	TGCTGCGAAGATTGGCAGAA
Hafnia	22.7935	0	>NZ_JAEMBX020000063.1_56 NZ_JAEMBX020000063.1_56- 65710-66135 131-150	TGCTGCGAAGATTGGCAGAA
Hafnia	22.8252	0	>NZ_JAEMBX020000053.1_162 NZ_JAEMBX020000053.1_162- 140560-140691 44-63	GCCTGAGAAGTGATGCAGGA
Hafnia	22.8252	0	>NZ_JAEMBX020000063.1_57 NZ_JAEMBX020000063.1_57- 66438-66569 43-62	GCCTGAGAAGTGATGCAGGA
Hafnia	22.9311	0	>NZ_JAEMBX020000058.1_48 NZ_JAEMBX020000058.1_48- 49976-50437 70-89	GCCTGGAAATGTCGGCAGAT
Hafnia	22.936	0	>NZ_JAEMBX020000079.1_236 NZ_JAEMBX020000079.1_236- 245137-246780 21-40	TTCTGACCGGTTCTGCAGCT
Hafnia	22.9959	0	>NZ_JAEMBX020000066.1_87 NZ_JAEMBX020000066.1_87- 101324-102283 132-151	CTCTGACGATTGAAACAGCG
Hafnia	23.0499	0	>NZ_JAEMBX020000083.1_260 NZ_JAEMBX020000083.1_260- 297424-299142 328-347	CTCTGAAGGAGACTCCAGCC
Hafnia	23.0837	0	>NZ_JAEMBX020000079.1_60 NZ_JAEMBX020000079.1_59-NZ_JAEMBX020000079.1_60- 62832-63077 114-133	CTCTGCAAGAGCAGTCAGGA
Hafnia	23.1389	0	>NZ_JAEMBX020000079.1_323 NZ_JAEMBX020000079.1_323- 346635-346937 225-244	ACCTGCAATGTAGGCCAGTC
Hafnia	23.1464	0	>NZ_JAEMBX020000079.1_324 NZ_JAEMBX020000079.1_324- 347115-347624 321-340	GACTGCTCGCACAGGCAGAA
Hafnia	23.2652	0	>NZ_JAEMBX020000074.1_60 NZ_JAEMBX020000074.1_60- 63483-64532 263-282	CTCTGAGTTGATGCCCAGAG
Hafnia	23.2767	0	>NZ_JAEMBX020000083.1_118 NZ_JAEMBX020000083.1_118- 149507-149956 134-153	TCCTGCTCAATCGCGCAGGG
Hafnia	23.4247	0	>NZ_JAEMBX020000079.1_319 NZ_JAEMBX020000079.1_319- 344283-345296 326-345	TTCTGCAATGCCGTTCAGCC
Hafnia	23.4359	0	>NZ_JAEMBX020000080.1_62 NZ_JAEMBX020000080.1_62- 71285-72544 8-27	GGCTGAGTGAGTTATCAGAC
Hafnia	23.4496	0	>NZ_JAEMBX020000061.1_94 NZ_JAEMBX020000061.1_94- 106875-107546 196-215	AACTGCCATCGTTAACAGGG
Hafnia	23.4496	0	>NZ_JAEMBX020000061.1_95 NZ_JAEMBX020000061.1_95-NZ_JAEMBX020000061.1_96- 107627-108613 303-322	CCCTGTTAACGATGGCAGTT
Hafnia	23.456	0	>NZ_JAEMBX020000061.1_12 NZ_JAEMBX020000061.1_11-NZ_JAEMBX020000061.1_12- 13140-13922 62-81	TGCTGCTCACACCGCCAGAC
Hafnia	23.5518	0	>NZ_JAEMBX020000076.1_114 NZ_JAEMBX020000076.1_114- 133734-134594 265-284	GGCTGTCGACAGCGACAGCG
Hafnia	23.6107	0	>NZ_JAEMBX020000082.1_131 NZ_JAEMBX020000082.1_131-NZ_JAEMBX020000082.1_132- 128549-129088 295-314	ATCTGTGACTGATAACAGAG
Hafnia	23.6135	0	>NZ_JAEMBX020000074.1_25 NZ_JAEMBX020000074.1_25- 24551-24787 312-331	AACTGGTACTGGGCGCAGTA
Hafnia	23.8402	0	>NZ_JAEMBX020000082.1_306 NZ_JAEMBX020000082.1_306- 308944-309270 169-188	CCCTGCTTGATGAAGCAGAA
Hafnia	24.1735	0	>NZ_JAEMBX020000070.1_27 NZ_JAEMBX020000070.1_27- 33179-34024 90-109	ATCTGTGTCAGTGGTCAGAT
Hafnia	24.1851	0	>NZ_JAEMBX020000069.1_144 NZ_JAEMBX020000069.1_139-NZ_JAEMBX020000069.1_140-NZ_JAEMBX020000069.1_141-NZ_JAEMBX020000069.1_142-NZ_JAEMBX020000069.1_143-NZ_JAEMBX020000069.1_144- 159106-159711 205-224	TTCTGATTTTTGCCTCAGGC
Hafnia	24.1908	0	>NZ_JAEMBX020000069.1_59 NZ_JAEMBX020000069.1_59- 64362-64637 327-346	CTCTGGATCTGTTCGCAGAT
Hafnia	24.2405	0	>NZ_JAEMBX020000070.1_13 NZ_JAEMBX020000070.1_13- 15208-15981 188-207	TACTGAAGGGTGCGGCAGCT
Hafnia	24.2909	0	>NZ_JAEMBX020000069.1_67 NZ_JAEMBX020000069.1_67- 75623-76423 312-331	CACTGAGTAATGCTGCAGAC
Hafnia	24.3166	0	>NZ_JAEMBX020000069.1_59 NZ_JAEMBX020000069.1_59- 64362-64637 247-266	ATCTGATTCGTTACGCAGAT
Hafnia	24.3361	0	>NZ_JAEMBX020000081.1_107 NZ_JAEMBX020000081.1_107- 134825-135046 51-70	CGCTGGTGGCGAGAGCAGGA
Hafnia	24.3431	0	>NZ_JAEMBX020000076.1_9 NZ_JAEMBX020000076.1_9-NZ_JAEMBX020000076.1_10- 13644-16700 214-233	AACTGCGTACAGGCGCAGAT
Hafnia	24.3536	0	>NZ_JAEMBX020000053.1_153 NZ_JAEMBX020000053.1_152-NZ_JAEMBX020000053.1_153- 132017-132874 241-260	CCCTGCGTTAACCCGCAGGG
Hafnia	24.3536	0	>NZ_JAEMBX020000063.1_66 NZ_JAEMBX020000063.1_66-NZ_JAEMBX020000063.1_67- 74255-75112 240-259	CCCTGCGTTAACCCGCAGGG
Hafnia	24.4514	0	>NZ_JAEMBX020000053.1_86 NZ_JAEMBX020000053.1_86-NZ_JAEMBX020000053.1_87-NZ_JAEMBX020000053.1_88-NZ_JAEMBX020000053.1_89-NZ_JAEMBX020000053.1_90- 63044-65032 258-277	GGCTGATAACAATGTCAGAA
Hafnia	24.4514	0	>NZ_JAEMBX020000063.1_133 NZ_JAEMBX020000063.1_129-NZ_JAEMBX020000063.1_130-NZ_JAEMBX020000063.1_131-NZ_JAEMBX020000063.1_132-NZ_JAEMBX020000063.1_133- 142097-144085 259-278	GGCTGATAACAATGTCAGAA
Hafnia	24.473	0	>NZ_JAEMBX020000062.1_71 NZ_JAEMBX020000062.1_71- 74653-75423 218-237	AGCTGACAGATCCAGCAGCG
Hafnia	24.5276	0	>NZ_JAEMBX020000083.1_178 NZ_JAEMBX020000083.1_178- 213350-214675 224-243	TACTGAAACCGGTTGCAGTT
Hafnia	24.6146	0	>NZ_JAEMBX020000083.1_187 NZ_JAEMBX020000083.1_187- 222645-223985 277-296	TTCTGATAATTATGGCAGAT
Hafnia	24.7799	0	>NZ_JAEMBX020000061.1_48 NZ_JAEMBX020000061.1_48-NZ_JAEMBX020000061.1_49- 54774-56033 130-149	GCCTGATGTTCTCATCAGGC
Hafnia	24.7853	0	>NZ_JAEMBX020000069.1_6 NZ_JAEMBX020000069.1_6- 7340-7693 75-94	CACTGCCTTAAACGGCAGTG
Hafnia	24.8488	0	>NZ_JAEMBX020000079.1_142 NZ_JAEMBX020000079.1_142- 149509-150687 21-40	CGCTGGCAGGCAGCTCAGGT
Hafnia	24.9283	0	>NZ_JAEMBX020000061.1_65 NZ_JAEMBX020000061.1_65- 71017-73179 79-98	GGCTGGCGCGATACGCAGCG
Hafnia	25.0741	0	>NZ_JAEMBX020000075.1_80 NZ_JAEMBX020000075.1_80- 68543-69085 188-207	GTCTGAGAGATACCTCAGTG
Hafnia	25.0741	0	>NZ_JAEMBX020000075.1_81 NZ_JAEMBX020000075.1_81- 69325-70257 152-171	CACTGAGGTATCTCTCAGAC
Hafnia	25.1667	0	>NZ_JAEMBX020000072.1_97 NZ_JAEMBX020000072.1_97- 120401-122836 73-92	GTCTGATTTCCCACGCAGGC
Hafnia	25.4027	0	>NZ_JAEMBX020000067.1_74 NZ_JAEMBX020000067.1_74-NZ_JAEMBX020000067.1_75- 85315-86574 320-339	GACTGGCACCTCGGTCAGCA
Hafnia	25.4027	0	>NZ_JAEMBX020000067.1_73 NZ_JAEMBX020000067.1_73- 84407-85096 41-60	TGCTGACCGAGGTGCCAGTC
Hafnia	25.7267	0	>NZ_JAEMBX020000066.1_53 NZ_JAEMBX020000066.1_52-NZ_JAEMBX020000066.1_53- 61341-62057 325-344	CTCTGTTGGCGGCTTCAGTC
Hafnia	25.8352	0	>NZ_JAEMBX020000077.1_96 NZ_JAEMBX020000077.1_96- 100806-102128 123-142	GACTGGCGTCAGCTTCAGGG
Hafnia	25.8978	0	>NZ_JAEMBX020000079.1_159 NZ_JAEMBX020000079.1_159- 167807-169153 22-41	GTCTGCTTGCCACCTCAGCT
Hafnia	26.2853	0	>NZ_JAEMBX020000082.1_309 NZ_JAEMBX020000082.1_309- 311248-311739 0-19	AGCTGGCGCTGATTGCAGAT
Hafnia	26.4653	0	>NZ_JAEMBX020000056.1_13 NZ_JAEMBX020000056.1_13- 14027-14383 84-103	CGCTGGCGCTTGAAGCAGTC
Hafnia	26.7893	0	>NZ_JAEMBX020000072.1_24 NZ_JAEMBX020000072.1_24- 25039-27090 319-338	CTCTGAGTTGGTTAGCAGGG
Hafnia	26.8572	0	>NZ_JAEMBX020000069.1_53 NZ_JAEMBX020000069.1_53-NZ_JAEMBX020000069.1_54- 56874-59564 34-53	ATCTGATGACCAGCTCAGGC
Hafnia	26.8675	0	>NZ_JAEMBX020000079.1_6 NZ_JAEMBX020000079.1_6- 5936-7090 157-176	GCCTGAGGGGCGTTGCAGGA
Hafnia	27.0031	0	>NZ_JAEMBX020000074.1_219 NZ_JAEMBX020000074.1_218-NZ_JAEMBX020000074.1_219- 222422-223204 79-98	CGCTGACGCTCGACCCAGAA
Hafnia	27.174	0	>NZ_JAEMBX020000083.1_181 NZ_JAEMBX020000083.1_181- 216790-218169 318-337	CCCTGTCGCTGCCAGCAGCG
Hafnia	27.2934	0	>NZ_JAEMBX020000040.1_4 NZ_JAEMBX020000040.1_4- 2022-2969 241-260	ATCTGGAGTTGGCGTCAGGC
Hafnia	27.7032	0	>NZ_JAEMBX020000076.1_125 NZ_JAEMBX020000076.1_125- 143613-144515 81-100	GGCTGCGAGCGATAGCAGTC
Hafnia	27.7275	0	>NZ_JAEMBX020000079.1_205 NZ_JAEMBX020000079.1_205- 215035-215166 108-127	CCCTGAGCACTGGCGCAGTG
Hafnia	28.1304	0	>NZ_JAEMBX020000047.1_1 NZ_JAEMBX020000047.1_1- 410-1195 40-59	GCCTGCTAGAGATAGCAGGC
Hafnia	28.131	0	>NZ_JAEMBX020000083.1_240 NZ_JAEMBX020000083.1_239-NZ_JAEMBX020000083.1_240- 274898-275488 155-174	GGCTGAGCGCGACGGCAGCT
Hafnia	28.2491	0	>NZ_JAEMBX020000062.1_63 NZ_JAEMBX020000062.1_63- 63642-65261 245-264	CTCTGACACTAGAAGCAGCT
Hafnia	28.9198	0	>NZ_JAEMBX020000079.1_218 NZ_JAEMBX020000079.1_218- 224431-225141 46-65	GCCTGCCAACTGCATCAGCT
Hafnia	29.5045	0	>NZ_JAEMBX020000067.1_136 NZ_JAEMBX020000067.1_135-NZ_JAEMBX020000067.1_136- 162318-164120 328-347	TGCTGCCACTGACGCCAGAG
Hafnia	29.7375	0	>NZ_JAEMBX020000055.1_7 NZ_JAEMBX020000055.1_7- 7216-8514 328-347	GGCTGACTGGGGGGGCAGAA
Hafnia	30.0748	0	>NZ_JAEMBX020000067.1_33 NZ_JAEMBX020000067.1_33- 34785-35417 112-131	GTCTGACGATTATGGCAGAG
Hafnia	30.3618	0	>NZ_JAEMBX020000065.1_84 NZ_JAEMBX020000065.1_84- 92506-93939 313-332	GACTGACCACCGCCGCAGGC
Hafnia	30.8423	0	>NZ_JAEMBX020000074.1_76 NZ_JAEMBX020000074.1_76- 82325-83239 7-26	CGCTGCAGCCACTGGCAGAG
Hafnia	31.8354	0	>NZ_JAEMBX020000058.1_70 NZ_JAEMBX020000058.1_70- 74635-76116 263-282	CTCTGCCCTTCTGGGCAGAG
Hafnia	32.2325	0	>NZ_JAEMBX020000072.1_98 NZ_JAEMBX020000072.1_98- 123442-124185 39-58	ACCTGCGTCGAGCGGCAGAG
Hafnia	32.296	0	>NZ_JAEMBX020000079.1_362 NZ_JAEMBX020000079.1_362-NZ_JAEMBX020000079.1_363- 397222-398007 22-41	GTCTGCCGCACACCGCAGGA
Hafnia	33.1938	0	>NZ_JAEMBX020000072.1_19 NZ_JAEMBX020000072.1_19- 21328-22497 70-89	CTCTGCTGCGCCTGTCAGGC
